STT,Ngày Chuyển,Mã ST,Tên Siêu Thị,Mã Phiếu PT,Mã Thùng,Mã TO,Mã SKU,Tên Mặt Hàng (KG),ĐVT,SL Chuyển (kg),SL Nhận (kg),Chênh Lệch (kg),Hao Hụt Tự Nhiên (kg),Trạng Thái Hình Ảnh,Số Lượng Ảnh,Link Hình Ảnh,Ghi Chú ST Trên App,Đề Xuất Ghi Chú (Cột NOTE)
1,08/23/2026,A101,KFM_BDU_DAN - 27 Tân Lập,PT1707341,A,TO246141,1100816,DƯA HẤU RUỘT ĐỎ,KG,31.1,29.24,1.86,0.0,CO HINH (2 anh),2,"https://s3.kingfood.co/double-check/scaled_51641006-4db2-450a-a5b6-ed3b7569c0f1248821536042689177.jpg
https://s3.kingfood.co/double-check/scaled_01af1b16-5b49-493a-9dc3-dec615fe801e5786647924905368513.jpg",tn,hình kdb
2,08/23/2026,A101,KFM_BDU_DAN - 27 Tân Lập,PT1707341,A,TO246141,1101941,DƯA LƯỚI VỎ VÀNG RUỘT CAM,KG,24.1,24.0,0.1,0.1,CO HINH (2 anh),2,"https://s3.kingfood.co/double-check/scaled_661dca5f-f888-435a-a35b-7c15a8ddba698928534504700957617.jpg
https://s3.kingfood.co/double-check/scaled_d52f296f-0adb-4ae6-b6ec-9341466ae8f74483046566459518833.jpg",tn,hình kdb
3,08/23/2026,A102,KFM_HCM_TDU - 128A Kha Vạn Cân,PT1707121,A,TO246023,1100992,DƯA LƯỚI VỎ XANH RUỘT CAM,KG,10.1,10.0,0.1,0.1,CO HINH (1 anh),1,https://s3.kingfood.co/double-check/scaled_dd89bbf4-f96c-400f-b7f7-933b33fb72331466768750105040881.jpg,,hình kdb
4,08/23/2026,A102,KFM_HCM_TDU - 128A Kha Vạn Cân,PT1707121,A,TO246023,1101079,BƠ 034,KG,3.0,2.9,0.1,0.1,CO HINH (1 anh),1,https://s3.kingfood.co/double-check/scaled_00f8eb9c-af7f-49a1-8528-6a4a3c479d975196722537351987572.jpg,,hình kdb
5,08/23/2026,A102,KFM_HCM_TDU - 128A Kha Vạn Cân,PT1707121,A,TO246023,1101366,BÔNG CẢI XANH ĐÀ LẠT  (KG),KG,4.1,4.0,0.1,0.1,CO HINH (1 anh),1,https://s3.kingfood.co/double-check/scaled_f23f176d-60f0-4e0b-ab15-eb1764ca65768908393711178269041.jpg,,hình kdb
6,08/23/2026,A102,KFM_HCM_TDU - 128A Kha Vạn Cân,PT1707121,A,TO246023,1101377,BÔNG CẢI TRẮNG ĐÀ LẠT VIETGAP,KG,2.1,2.0,0.1,0.1,CO HINH (1 anh),1,https://s3.kingfood.co/double-check/scaled_83e84457-a6c3-48e5-bec6-077f9f94996b2970084269321945599.jpg,,hình kdb
7,08/23/2026,A103,KFM_HCM_NBE - 222 Lê Văn Lương,PT1707401,A,TO246114,1100816,DƯA HẤU RUỘT ĐỎ,KG,29.7,29.6,0.1,0.1,CO HINH (1 anh),1,https://s3.kingfood.co/double-check/scaled_494cd3e4-648d-444b-87ee-3535c54bbed68232593063457899559.jpg,,hình kdb
8,08/23/2026,A103,KFM_HCM_NBE - 222 Lê Văn Lương,PT1707401,A,TO246114,1101366,BÔNG CẢI XANH ĐÀ LẠT  (KG),KG,3.9,3.8,0.1,0.1,CO HINH (1 anh),1,https://s3.kingfood.co/double-check/scaled_54c26bee-7c30-4342-9f20-97e438e5e76f1723341285619939032.jpg,,hình kdb
9,08/23/2026,A104,KFM_HCM_NBE - 5/3D Huỳnh Tấn Phát,PT1707340,A,TO246076,1100816,DƯA HẤU RUỘT ĐỎ,KG,30.4,30.2,0.2,0.2,CO HINH (2 anh),2,"https://s3.kingfood.co/double-check/scaled_cbf31207-1e6b-41c1-8a04-dc894b8eb2343396410464426789600.jpg
https://s3.kingfood.co/double-check/scaled_9ca61733-523e-4747-b039-7f6ac57b39395104159342905303547.jpg",tn,hình kdb
10,08/23/2026,A104,KFM_HCM_NBE - 5/3D Huỳnh Tấn Phát,PT1707340,A,TO246076,1101062,CHUỐI LABA ĐÀ LẠT,KG,10.2,10.1,0.1,0.1,CO HINH (1 anh),1,https://s3.kingfood.co/double-check/scaled_8a44a8b7-21d6-4855-8793-d46aeee035b69197612492303603748.jpg,tn,hình kdb
11,08/23/2026,A104,KFM_HCM_NBE - 5/3D Huỳnh Tấn Phát,PT1707340,A,TO246076,1101366,BÔNG CẢI XANH ĐÀ LẠT  (KG),KG,8.7,8.56,0.14,0.14,CO HINH (1 anh),1,https://s3.kingfood.co/double-check/scaled_3925af03-f813-4aca-9671-6b8a9ef453b37965627417701079154.jpg,tn,hình kdb
12,08/23/2026,A106,KFM_HCM_PNH - T1-5 TMDV Orchard Garden,PT1707339,A,TO245952,1101003,DƯA HẤU KHÔNG HẠT,KG,9.6,9.5,0.1,0.1,CO HINH (1 anh),1,https://s3.kingfood.co/double-check/scaled_cb9e1960-077d-4b00-aa0c-41ffa4a222a0510357778793089481.jpg,tn,hình kdb
13,08/23/2026,A106,KFM_HCM_PNH - T1-5 TMDV Orchard Garden,PT1707339,A,TO245952,1101062,CHUỐI LABA ĐÀ LẠT,KG,20.1,19.96,0.14,0.14,CO HINH (1 anh),1,https://s3.kingfood.co/double-check/scaled_a208e65d-86be-4d16-94a7-338c5449ddde6404592085507031136.jpg,tn,hình kdb
14,08/23/2026,A106,KFM_HCM_PNH - T1-5 TMDV Orchard Garden,PT1707339,A,TO245952,1101079,BƠ 034,KG,9.1,9.06,0.04,0.04,CO HINH (1 anh),1,https://s3.kingfood.co/double-check/scaled_610063d5-54d5-40b2-9348-dc5f39cc13e93840857070106572813.jpg,tn,hình kdb
15,08/23/2026,A107,KFM_HCM_TDU - 05 Đường D3 Phước Long,PT1707279,A,TO246184,1100816,DƯA HẤU RUỘT ĐỎ,KG,14.9,14.76,0.14,0.14,CO HINH (1 anh),1,https://s3.kingfood.co/double-check/scaled_70a87d48-fbfe-4a50-b37c-3b85d6c446a44308568542646652430.jpg,,hình kdb
16,08/23/2026,A107,KFM_HCM_TDU - 05 Đường D3 Phước Long,PT1707279,A,TO246184,1101094,MÍT GIỐNG THÁI CẮT MIÊNG,KG,3.0,2.88,0.12,0.12,CO HINH (1 anh),1,https://s3.kingfood.co/double-check/scaled_5a2f00f9-e721-4132-b61c-127727e2368a6541115038678883726.jpg,,hình kdb
17,08/23/2026,A107,KFM_HCM_TDU - 05 Đường D3 Phước Long,PT1707279,A,TO246184,1101377,BÔNG CẢI TRẮNG ĐÀ LẠT VIETGAP,KG,2.2,2.16,0.04,0.04,CO HINH (1 anh),1,https://s3.kingfood.co/double-check/image_picker_79112C7F-A8B8-4A87-BCAF-C4CF35735BC1-43036-00000C156BEBBA67.jpg,,hình kdb
18,08/23/2026,A107,KFM_HCM_TDU - 05 Đường D3 Phước Long,PT1707279,A,TO246184,1101592,SẦU RIÊNG RI6,KG,9.9,9.8,0.1,0.1,CO HINH (1 anh),1,https://s3.kingfood.co/double-check/image_picker_BCD6FC49-3035-4D4D-9C07-139D3CF463C8-43036-00000C18DF2405F7.jpg,,hình kdb
19,08/23/2026,A107,KFM_HCM_TDU - 05 Đường D3 Phước Long,PT1707279,A,TO246184,1101941,DƯA LƯỚI VỎ VÀNG RUỘT CAM,KG,11.8,11.78,0.02,0.02,CO HINH (1 anh),1,https://s3.kingfood.co/double-check/scaled_337aabe8-a48a-43f0-9acd-93c3fd98aa95944966731814889109.jpg,,hình kdb
20,08/23/2026,A108,KFM_HCM_TDU - 38E Cây Keo,PT1707349,A,TO246078,1101318,MẬN AN PHƯỚC,KG,4.2,4.16,0.04,0.04,CO HINH (1 anh),1,https://s3.kingfood.co/double-check/scaled_4d7c01f0-b11e-456b-9896-cb5a8b319c879053206353693321842.jpg,tn,hình kdb
21,08/23/2026,A108,KFM_HCM_TDU - 38E Cây Keo,PT1707349,A,TO246078,1101366,BÔNG CẢI XANH ĐÀ LẠT  (KG),KG,4.0,3.9,0.1,0.1,CO HINH (1 anh),1,https://s3.kingfood.co/double-check/scaled_d293f990-8570-41bf-a348-a5620e9ebb521065854098449192302.jpg,tn,hình kdb
22,08/23/2026,A109,KFM_HCM_Q07 - 106 Trần Trọng Cung,PT1707119,A,TO246060,1100271,XOÀI CÁT CHU VÀNG,KG,3.0,0.0,3.0,0.0,CHUA CO HINH,0,,tn,Thiếu hình
23,08/23/2026,A109,KFM_HCM_Q07 - 106 Trần Trọng Cung,PT1707119,A,TO246060,1100816,DƯA HẤU RUỘT ĐỎ,KG,15.0,0.0,15.0,0.0,CHUA CO HINH,0,,tn,Thiếu hình
24,08/23/2026,A109,KFM_HCM_Q07 - 106 Trần Trọng Cung,PT1707119,A,TO246060,1100917,BÍ ĐỎ TRÒN,KG,7.5,0.0,7.5,0.0,CHUA CO HINH,0,,tn,Thiếu hình
25,08/23/2026,A109,KFM_HCM_Q07 - 106 Trần Trọng Cung,PT1707119,A,TO246060,1101055,DƯA LÊ TRẮNG,KG,3.0,0.0,3.0,0.0,CHUA CO HINH,0,,tn,Thiếu hình
26,08/23/2026,A110,KFM_HCM_Q10 - Jasmine 1 Hà Đô Centrosa,PT1707219,A,TO246119,1100816,DƯA HẤU RUỘT ĐỎ,KG,30.4,30.24,0.16,0.16,CO HINH (1 anh),1,https://s3.kingfood.co/double-check/scaled_33771e2c-d278-4303-ac75-abc0c3e5494b302741055374331424.jpg,tn,hình kdb
27,08/23/2026,A110,KFM_HCM_Q10 - Jasmine 1 Hà Đô Centrosa,PT1707219,A,TO246119,1101003,DƯA HẤU KHÔNG HẠT,KG,9.6,9.56,0.04,0.04,CO HINH (1 anh),1,https://s3.kingfood.co/double-check/scaled_3276d695-454e-428b-bfd9-6e12329a43cb8529971341962659073.jpg,tn,hình kdb
28,08/23/2026,A110,KFM_HCM_Q10 - Jasmine 1 Hà Đô Centrosa,PT1707219,A,TO246119,1101079,BƠ 034,KG,12.4,12.36,0.04,0.04,CO HINH (1 anh),1,https://s3.kingfood.co/double-check/scaled_146c5fd2-3437-41bc-959a-533b52acd403875712362650022216.jpg,tn,hình kdb
29,08/23/2026,A110,KFM_HCM_Q10 - Jasmine 1 Hà Đô Centrosa,PT1707219,A,TO246119,1101116,DỨA  MD2,KG,8.3,8.22,0.08,0.08,CO HINH (1 anh),1,https://s3.kingfood.co/double-check/scaled_deb941fa-da62-4c2c-a522-727c6fe75f026774461812595224629.jpg,tn,hình kdb
30,08/23/2026,A110,KFM_HCM_Q10 - Jasmine 1 Hà Đô Centrosa,PT1707219,A,TO246119,1101372,CẢI THẢO HOẢ TIỄN VIETGAP,KG,2.0,1.3,0.7,0.7,CO HINH (1 anh),1,https://s3.kingfood.co/double-check/scaled_f40ac473-a227-489b-a63b-c2c5c3f705f45251391569648175480.jpg,tn,hình kdb
31,08/23/2026,A111,KFM_HCM_TDU - BA-S03 New City,PT1707209,A,TO246282,1100942,BƠ BOOTH,KG,3.1,3.0,0.1,0.1,CO HINH (1 anh),1,https://s3.kingfood.co/double-check/scaled_914e6a1a-940b-424f-98d5-aa71fa93ea5a4670922073457674450.jpg,tn,hình kdb
32,08/23/2026,A111,KFM_HCM_TDU - BA-S03 New City,PT1707209,A,TO246282,1101062,CHUỐI LABA ĐÀ LẠT,KG,10.1,10.0,0.1,0.1,CO HINH (1 anh),1,https://s3.kingfood.co/double-check/scaled_ce3dbe9d-67b1-4aaf-993e-48a86a47acc27115002429854678302.jpg,tn,hình kdb
33,08/23/2026,A111,KFM_HCM_TDU - BA-S03 New City,PT1707209,A,TO246282,1101592,SẦU RIÊNG RI6,KG,10.0,9.88,0.12,0.12,CO HINH (1 anh),1,https://s3.kingfood.co/double-check/scaled_8d90591b-1adb-4422-a21b-cc40019fdad88771476239532335983.jpg,tn,hình kdb
34,08/23/2026,A111,KFM_HCM_TDU - BA-S03 New City,PT1707209,A,TO246282,1101812,DƯA HẤU GIỐNG MỸ,KG,15.3,15.16,0.14,0.14,CO HINH (1 anh),1,https://s3.kingfood.co/double-check/scaled_e8b1face-8780-4144-a6b5-0d0ff03374235260275991117333417.jpg,tn,hình kdb
35,08/23/2026,A112,KFM_HCM_Q1 - 93 Cô Giang,PT1707348,A,TO246287,1100816,DƯA HẤU RUỘT ĐỎ,KG,14.7,14.63,0.07,0.07,CHUA CO HINH,0,,,Thiếu hình
36,08/23/2026,A112,KFM_HCM_Q1 - 93 Cô Giang,PT1707348,A,TO246287,1100942,BƠ BOOTH,KG,3.0,2.99,0.01,0.01,CHUA CO HINH,0,,,Thiếu hình
37,08/23/2026,A112,KFM_HCM_Q1 - 93 Cô Giang,PT1707348,A,TO246287,1101077,CHANH DÂY,KG,3.0,2.87,0.13,0.13,CHUA CO HINH,0,,,Thiếu hình
38,08/23/2026,A112,KFM_HCM_Q1 - 93 Cô Giang,PT1707348,A,TO246287,1101377,BÔNG CẢI TRẮNG ĐÀ LẠT VIETGAP,KG,2.2,2.17,0.03,0.03,CHUA CO HINH,0,,,Thiếu hình
39,08/23/2026,A112,KFM_HCM_Q1 - 93 Cô Giang,PT1707348,A,TO246287,1101592,SẦU RIÊNG RI6,KG,9.7,9.52,0.185,0.185,CHUA CO HINH,0,,,Thiếu hình
40,08/23/2026,A113,KFM_HCM_BTH - 216 Phan Văn Hân,PT1707347,A,TO246297,1101366,BÔNG CẢI XANH ĐÀ LẠT  (KG),KG,4.4,4.34,0.06,0.06,CHUA CO HINH,0,,,Thiếu hình
41,08/23/2026,A114,KFM_HCM_Q08 - 320 Hưng Phú,PT1707338,A,TO246216,1101062,CHUỐI LABA ĐÀ LẠT,KG,10.1,10.04,0.06,0.06,CHUA CO HINH,0,,tn,Thiếu hình
42,08/23/2026,A115,KFM_HCM_BTH - 484B Lê Quang Định,PT1707346,A,TO246267,1101003,DƯA HẤU KHÔNG HẠT,KG,12.0,11.96,0.04,0.04,CO HINH (1 anh),1,https://s3.kingfood.co/double-check/scaled_256acb51-f8a1-423d-b813-dee85c4534376445151578951430710.jpg,tn,hình kdb
43,08/23/2026,A115,KFM_HCM_BTH - 484B Lê Quang Định,PT1707346,A,TO246267,1101062,CHUỐI LABA ĐÀ LẠT,KG,10.0,9.98,0.02,0.02,CO HINH (1 anh),1,https://s3.kingfood.co/double-check/scaled_2e0a1644-3d71-4818-8545-d7209a237ee97763202452387303617.jpg,tn,hình kdb
44,08/23/2026,A116,KFM_HCM_Q12 - 76 Trần Thị Cờ,PT1707337,A,TO245940,1101366,BÔNG CẢI XANH ĐÀ LẠT  (KG),KG,4.0,3.86,0.14,0.14,CO HINH (1 anh),1,https://s3.kingfood.co/double-check/scaled_cc0c8970-59bf-45ec-8df2-780ef29e02d02727705066364144345.jpg,,hình kdb
45,08/23/2026,A116,KFM_HCM_Q12 - 76 Trần Thị Cờ,PT1707337,A,TO245940,1101941,DƯA LƯỚI VỎ VÀNG RUỘT CAM,KG,12.0,11.96,0.04,0.04,CHUA CO HINH,0,,,Thiếu hình
46,08/23/2026,A116,KFM_HCM_Q12 - 76 Trần Thị Cờ,PT1707337,A,TO245940,1101991,LÊ ĐƯỜNG HÀ GIANG,KG,4.0,4.0,0.005,0.005,CO HINH (1 anh),1,https://s3.kingfood.co/double-check/scaled_af30c3fd-68f2-4ee0-8c37-ce1cd7ce19712073744302878746783.jpg,,hình kdb
47,08/23/2026,A117,KFM_BDU_TAN - SH04 The Rivana,PT1707192,A,TO246280,1100992,DƯA LƯỚI VỎ XANH RUỘT CAM,KG,10.1,10.07,0.03,0.03,CO HINH (1 anh),1,https://s3.kingfood.co/double-check/scaled_d2058b80-b53d-434e-8a18-30d892405c428536362156370365551.jpg,tn,hình kdb
48,08/23/2026,A117,KFM_BDU_TAN - SH04 The Rivana,PT1707192,A,TO246280,1101302,CHUỐI GIÀ GIỐNG NAM MỸ,KG,8.0,7.98,0.025,0.025,CO HINH (1 anh),1,https://s3.kingfood.co/double-check/scaled_56e7408d-7502-49b4-a097-928fd68779867947960129645676647.jpg,tn,hình kdb
49,08/23/2026,A117,KFM_BDU_TAN - SH04 The Rivana,PT1707192,A,TO246280,1101941,DƯA LƯỚI VỎ VÀNG RUỘT CAM,KG,12.2,12.15,0.05,0.05,CO HINH (1 anh),1,https://s3.kingfood.co/double-check/scaled_7caf04ee-c252-437f-8180-7665686b837a2938914745906640226.jpg,tn,hình kdb
50,08/23/2026,A117,KFM_BDU_TAN - SH04 The Rivana,PT1707192,A,TO246280,1101992,XOÀI TỨ QUÝ,KG,3.0,2.44,0.565,0.565,CO HINH (1 anh),1,https://s3.kingfood.co/double-check/scaled_d45db043-de18-4766-a68f-467043fd688d5106257507302170475.jpg,tn,hình kdb
51,08/23/2026,A117,KFM_BDU_TAN - SH04 The Rivana,PT1707192,A,TO246280,1102035,MẬN ĐÁ ĐƯỜNG,KG,4.0,3.98,0.025,0.025,CO HINH (1 anh),1,https://s3.kingfood.co/double-check/scaled_0e3a7b68-8215-47d2-9fb8-3895af174b1d5127987174540396239.jpg,tn,hình kdb
52,08/23/2026,A118,KFM_HCM_Q10 - 74 Vĩnh Viễn,PT1707336,A,TO246180,1102035,MẬN ĐÁ ĐƯỜNG,KG,4.0,3.99,0.015,0.015,CO HINH (1 anh),1,https://s3.kingfood.co/double-check/scaled_7ae0c52f-bd0b-4c63-bbe0-fe338d65efdc2910807320684903158.jpg,tn,hình kdb
53,08/23/2026,A120,KFM_HCM_Q10 - 7/29 Thành Thái,PT1707356,A,TO246082,1101062,CHUỐI LABA ĐÀ LẠT,KG,10.1,10.0,0.1,0.1,CO HINH (1 anh),1,https://s3.kingfood.co/double-check/scaled_dfef7ab4-2a55-4dc9-8f91-aa5ac3b85e00438556758874265086.jpg,tn,hình kdb
54,08/23/2026,A120,KFM_HCM_Q10 - 7/29 Thành Thái,PT1707356,A,TO246082,1101366,BÔNG CẢI XANH ĐÀ LẠT  (KG),KG,4.2,4.18,0.02,0.02,CO HINH (1 anh),1,https://s3.kingfood.co/double-check/scaled_8a38e6c2-b68b-4db7-89ec-def2e83d05578721356709076673438.jpg,tn,hình kdb
55,08/23/2026,A121,KFM_HCM_Q06 - 123 Lý Chiêu Hoàng,PT1707365,A,TO246069,1101302,CHUỐI GIÀ GIỐNG NAM MỸ,KG,8.0,7.96,0.04,0.04,CO HINH (1 anh),1,https://s3.kingfood.co/double-check/scaled_09853828-db0f-44af-90e6-edb5ffb5f1b75572229938632004280.jpg,,hình kdb
56,08/23/2026,A121,KFM_HCM_Q06 - 123 Lý Chiêu Hoàng,PT1707365,A,TO246069,1101941,DƯA LƯỚI VỎ VÀNG RUỘT CAM,KG,12.1,12.06,0.04,0.04,CO HINH (1 anh),1,https://s3.kingfood.co/double-check/scaled_e6cfdfad-ed8d-4be4-ba68-3a6da170004a5335430313159278462.jpg,,hình kdb
57,08/23/2026,A123,KFM_HCM_TDU - 29B Đường Số 30 4S Linh Đông,PT1707118,A,TO245938,1100816,DƯA HẤU RUỘT ĐỎ,KG,14.7,14.68,0.02,0.02,CO HINH (1 anh),1,https://s3.kingfood.co/double-check/scaled_1eb1afec-ecfa-4994-a4d0-a819c53c3f876587000241083546308.jpg,,hình kdb
58,08/23/2026,A123,KFM_HCM_TDU - 29B Đường Số 30 4S Linh Đông,PT1707118,A,TO245938,1101302,CHUỐI GIÀ GIỐNG NAM MỸ,KG,8.0,7.9,0.1,0.1,CO HINH (1 anh),1,https://s3.kingfood.co/double-check/scaled_6a18f22b-90cd-4cca-b48d-f240e033c2d12560692607070591117.jpg,,hình kdb
59,08/23/2026,A124,KFM_HCM_TDU - 74 Đường Số 1 Chung Cư Sky 9,PT1707117,A,TO246240,1100816,DƯA HẤU RUỘT ĐỎ,KG,15.4,15.3,0.1,0.1,CO HINH (1 anh),1,https://s3.kingfood.co/double-check/scaled_ea7ac4e0-ecc9-48e7-a2a6-d83372232b158613215173782173556.jpg,tn,hình kdb
60,08/23/2026,A124,KFM_HCM_TDU - 74 Đường Số 1 Chung Cư Sky 9,PT1707117,A,TO246240,1101062,CHUỐI LABA ĐÀ LẠT,KG,10.1,10.04,0.06,0.06,CO HINH (1 anh),1,https://s3.kingfood.co/double-check/scaled_02026d79-98df-4284-a8ce-473564599814712320692885394365.jpg,tn,hình kdb
61,08/23/2026,A124,KFM_HCM_TDU - 74 Đường Số 1 Chung Cư Sky 9,PT1707117,A,TO246240,1101079,BƠ 034,KG,3.0,2.95,0.055,0.055,CO HINH (1 anh),1,https://s3.kingfood.co/double-check/scaled_7716e33e-5ac2-4cf2-84cf-efe986ceff2a2228757736859926594.jpg,tn,hình kdb
62,08/23/2026,A124,KFM_HCM_TDU - 74 Đường Số 1 Chung Cư Sky 9,PT1707117,A,TO246240,1101366,BÔNG CẢI XANH ĐÀ LẠT  (KG),KG,4.0,3.94,0.06,0.06,CO HINH (1 anh),1,https://s3.kingfood.co/double-check/scaled_857518fc-42ec-4b3c-8ae4-7d3176d96fba5644574297440698157.jpg,tn,hình kdb
63,08/23/2026,A124,KFM_HCM_TDU - 74 Đường Số 1 Chung Cư Sky 9,PT1707117,A,TO246240,1101941,DƯA LƯỚI VỎ VÀNG RUỘT CAM,KG,12.2,12.1,0.1,0.1,CO HINH (1 anh),1,https://s3.kingfood.co/double-check/scaled_170d1185-c66f-441b-9a8c-979c80fc191e737227703799940281.jpg,tn,hình kdb
64,08/23/2026,A125,KFM_HCM_TDU - 115 Man Thiện,PT1707369,A,TO246182,1100917,BÍ ĐỎ TRÒN,KG,7.9,7.76,0.14,0.14,CHUA CO HINH,0,,tn,Thiếu hình
65,08/23/2026,A125,KFM_HCM_TDU - 115 Man Thiện,PT1707369,A,TO246182,1100942,BƠ BOOTH,KG,3.0,2.96,0.04,0.04,CHUA CO HINH,0,,tn,Thiếu hình
66,08/23/2026,A125,KFM_HCM_TDU - 115 Man Thiện,PT1707369,A,TO246182,1101366,BÔNG CẢI XANH ĐÀ LẠT  (KG),KG,4.0,3.88,0.12,0.12,CHUA CO HINH,0,,tn,Thiếu hình
67,08/23/2026,A125,KFM_HCM_TDU - 115 Man Thiện,PT1707369,A,TO246182,1101992,XOÀI TỨ QUÝ,KG,3.0,2.46,0.54,0.54,CHUA CO HINH,0,,tn,Thiếu hình
68,08/23/2026,A125,KFM_HCM_TDU - 115 Man Thiện,PT1707369,A,TO246182,1102035,MẬN ĐÁ ĐƯỜNG,KG,4.0,3.94,0.06,0.06,CHUA CO HINH,0,,tn,Thiếu hình
69,08/23/2026,A126,KFM_HCM_Q03 - 274 Lê Văn Sỹ,PT1707345,A,TO245960,1100816,DƯA HẤU RUỘT ĐỎ,KG,19.5,19.44,0.06,0.06,CO HINH (1 anh),1,https://s3.kingfood.co/double-check/scaled_42c8f5f0-c1de-4b8a-ba9b-8ed0c2b5258d3507634870507139876.jpg,tn,hình kdb
70,08/23/2026,A126,KFM_HCM_Q03 - 274 Lê Văn Sỹ,PT1707345,A,TO245960,1101366,BÔNG CẢI XANH ĐÀ LẠT  (KG),KG,4.1,4.04,0.06,0.06,CO HINH (1 anh),1,https://s3.kingfood.co/double-check/scaled_7696eeee-8884-40d7-a5e3-6d321dab2e517819759501013393312.jpg,tn,hình kdb
71,08/23/2026,A126,KFM_HCM_Q03 - 274 Lê Văn Sỹ,PT1707345,A,TO245960,1101992,XOÀI TỨ QUÝ,KG,3.0,2.98,0.02,0.02,CO HINH (1 anh),1,https://s3.kingfood.co/double-check/scaled_f5fe168e-716a-4233-b36b-60d013f5adf91517085324723315902.jpg,tn,hình kdb
72,08/23/2026,A127,KFM_HCM_TDU - B-SH.06 Urban Green,PT1707335,A,TO246277,1100816,DƯA HẤU RUỘT ĐỎ,KG,14.3,0.0,14.3,0.0,CHUA CO HINH,0,,,Thiếu hình
73,08/23/2026,A127,KFM_HCM_TDU - B-SH.06 Urban Green,PT1707335,A,TO246277,1101077,CHANH DÂY,KG,3.0,2.84,0.165,0.165,CO HINH (1 anh),1,https://s3.kingfood.co/double-check/scaled_cb555484-5a9b-4ecb-9cce-b585c13612e54183986371276224574.jpg,,hình kdb
74,08/23/2026,A127,KFM_HCM_TDU - B-SH.06 Urban Green,PT1707335,A,TO246277,1101116,DỨA  MD2,KG,7.9,0.0,7.9,0.0,CHUA CO HINH,0,,,Thiếu hình
75,08/23/2026,A127,KFM_HCM_TDU - B-SH.06 Urban Green,PT1707335,A,TO246277,1101302,CHUỐI GIÀ GIỐNG NAM MỸ,KG,8.0,0.0,8.0,0.0,CHUA CO HINH,0,,,Thiếu hình
76,08/23/2026,A128,KFM_HCM_GVA - TM0.03 CH3 Cityland Park Hill,PT1707203,A,TO246211,1101062,CHUỐI LABA ĐÀ LẠT,KG,10.1,10.0,0.1,0.1,CHUA CO HINH,0,,tn,Thiếu hình
77,08/23/2026,A128,KFM_HCM_GVA - TM0.03 CH3 Cityland Park Hill,PT1707203,A,TO246211,1101366,BÔNG CẢI XANH ĐÀ LẠT  (KG),KG,4.0,3.88,0.12,0.12,CHUA CO HINH,0,,tn,Thiếu hình
78,08/23/2026,A128,KFM_HCM_GVA - TM0.03 CH3 Cityland Park Hill,PT1707203,A,TO246211,1101812,DƯA HẤU GIỐNG MỸ,KG,14.7,14.6,0.1,0.1,CHUA CO HINH,0,,tn,Thiếu hình
79,08/23/2026,A129,"KFM_HCM_Q07 - 17 Đường số 16, Khu Nam Viên Midtown",PT1707223,A,TO246286,1100867,BƯỞI DA XANH LOẠI 1,KG,5.9,5.88,0.025,0.025,CO HINH (1 anh),1,https://s3.kingfood.co/double-check/scaled_bf18e3b0-1ca9-4a80-b31e-7115d1de81522088881368316767340.jpg,tn,hình kdb
80,08/23/2026,A129,"KFM_HCM_Q07 - 17 Đường số 16, Khu Nam Viên Midtown",PT1707223,A,TO246286,1101062,CHUỐI LABA ĐÀ LẠT,KG,10.1,10.0,0.1,0.1,CO HINH (1 anh),1,https://s3.kingfood.co/double-check/scaled_5873bd52-52fb-4999-950e-ccd6c947a38c3800587462664972907.jpg,tn,hình kdb
81,08/23/2026,A129,"KFM_HCM_Q07 - 17 Đường số 16, Khu Nam Viên Midtown",PT1707223,A,TO246286,1101079,BƠ 034,KG,9.1,9.07,0.027,0.027,CO HINH (2 anh),2,"https://s3.kingfood.co/double-check/scaled_997a2a87-47e8-4cd4-9af3-a2b1c89ad8bf6765037715967518746.jpg
https://s3.kingfood.co/double-check/scaled_3118fe64-9ec4-42eb-bd92-af1ae333f7267626504281146461044.jpg",tn,hình kdb
82,08/23/2026,A129,"KFM_HCM_Q07 - 17 Đường số 16, Khu Nam Viên Midtown",PT1707223,A,TO246286,1101377,BÔNG CẢI TRẮNG ĐÀ LẠT VIETGAP,KG,2.2,2.16,0.04,0.04,CO HINH (1 anh),1,https://s3.kingfood.co/double-check/scaled_7a60f33c-24cd-42fc-ba5d-25fbb0d9192c3111468264551318428.jpg,tn,hình kdb
83,08/23/2026,A129,"KFM_HCM_Q07 - 17 Đường số 16, Khu Nam Viên Midtown",PT1707223,A,TO246286,1101812,DƯA HẤU GIỐNG MỸ,KG,14.7,14.58,0.12,0.12,CO HINH (1 anh),1,https://s3.kingfood.co/double-check/scaled_d58ab54e-2979-43a1-8708-01d8f36c0ec0788100362969940387.jpg,tn,hình kdb
84,08/23/2026,A129,"KFM_HCM_Q07 - 17 Đường số 16, Khu Nam Viên Midtown",PT1707223,A,TO246286,1101941,DƯA LƯỚI VỎ VÀNG RUỘT CAM,KG,12.6,12.54,0.06,0.06,CO HINH (1 anh),1,https://s3.kingfood.co/double-check/scaled_7e715570-8bb0-4141-b77e-5e9edd7b02ec6261498816625903236.jpg,tn,hình kdb
85,08/23/2026,A130,KFM_HCM_TDU - 41 Vũ Tông Phan,PT1707116,A,TO246140,1100816,DƯA HẤU RUỘT ĐỎ,KG,15.1,14.96,0.14,0.14,CO HINH (1 anh),1,https://s3.kingfood.co/double-check/scaled_47b67b3c-bbce-4276-b398-0b3826e224623198094647673240275.jpg,tn,hình kdb
86,08/23/2026,A130,KFM_HCM_TDU - 41 Vũ Tông Phan,PT1707116,A,TO246140,1100867,BƯỞI DA XANH LOẠI 1,KG,5.7,5.68,0.02,0.02,CO HINH (1 anh),1,https://s3.kingfood.co/double-check/scaled_23aef73e-bb65-4935-b6e4-11ae288840957701958150679069600.jpg,tn,hình kdb
87,08/23/2026,A130,KFM_HCM_TDU - 41 Vũ Tông Phan,PT1707116,A,TO246140,1101003,DƯA HẤU KHÔNG HẠT,KG,10.3,10.28,0.02,0.02,CO HINH (1 anh),1,https://s3.kingfood.co/double-check/scaled_3e888e37-5bc3-4a31-80c6-55cc022cf07e7854435934909509630.jpg,tn,hình kdb
88,08/23/2026,A130,KFM_HCM_TDU - 41 Vũ Tông Phan,PT1707116,A,TO246140,1101812,DƯA HẤU GIỐNG MỸ,KG,14.9,14.84,0.06,0.06,CO HINH (1 anh),1,https://s3.kingfood.co/double-check/scaled_b00f6a38-69c9-4c31-b69a-4f032ea21ce15791795870553170332.jpg,tn,hình kdb
89,08/23/2026,A132,KFM_HCM_TDU - 136 Hiệp Bình,PT1707344,A,TO246151,1101062,CHUỐI LABA ĐÀ LẠT,KG,10.1,10.06,0.045,0.045,CO HINH (1 anh),1,https://s3.kingfood.co/double-check/scaled_43c46a02-510d-48de-902c-6226cc7983422881722133858602534.jpg,,hình kdb
90,08/23/2026,A133,KFM_HCM_BCH - Block G Conic Skyway,PT1707334,A,TO246145,1100816,DƯA HẤU RUỘT ĐỎ,KG,14.4,14.34,0.06,0.06,CO HINH (1 anh),1,https://s3.kingfood.co/double-check/scaled_76809ced-5a2f-4eab-a8bd-f23fe210dab27626461686169845626.jpg,,hình kdb
91,08/23/2026,A133,KFM_HCM_BCH - Block G Conic Skyway,PT1707334,A,TO246145,1101062,CHUỐI LABA ĐÀ LẠT,KG,10.1,9.98,0.12,0.12,CO HINH (2 anh),2,"https://s3.kingfood.co/double-check/scaled_6eefc041-4afe-4a89-8457-ec1c4a938bc3919136870148841653.jpg
https://s3.kingfood.co/double-check/scaled_ed6e206e-3335-45d8-8ce0-452f96866628260548803395481375.jpg",,hình kdb
92,08/23/2026,A133,KFM_HCM_BCH - Block G Conic Skyway,PT1707334,A,TO246145,1101079,BƠ 034,KG,3.0,2.99,0.015,0.015,CO HINH (2 anh),2,"https://s3.kingfood.co/double-check/scaled_b6fcd27a-cd9b-4343-8153-6eb6912f6c023726029326901421399.jpg
https://s3.kingfood.co/double-check/scaled_81af2aeb-d10d-4f78-8ca8-8e42bdb5c2073009143513986993354.jpg",,hình kdb
93,08/23/2026,A133,KFM_HCM_BCH - Block G Conic Skyway,PT1707334,A,TO246145,1101366,BÔNG CẢI XANH ĐÀ LẠT  (KG),KG,4.2,4.16,0.04,0.04,CO HINH (1 anh),1,https://s3.kingfood.co/double-check/scaled_091194c8-7305-495b-84e3-39afe9c35d167060539172482884684.jpg,,hình kdb
94,08/23/2026,A133,KFM_HCM_BCH - Block G Conic Skyway,PT1707334,A,TO246145,1101991,LÊ ĐƯỜNG HÀ GIANG,KG,4.0,4.0,0.005,0.005,CO HINH (2 anh),2,"https://s3.kingfood.co/double-check/scaled_0a8afa7e-89b2-4b0f-8e83-a171815b4b096776152983538647173.jpg
https://s3.kingfood.co/double-check/scaled_826df326-7224-4b25-9583-f482753b1b973690334015420969614.jpg",,hình kdb
95,08/23/2026,A134,KFM_HCM_BTA - 4535 Nguyễn Cửu Phú,PT1707411,A,TO246056,1101003,DƯA HẤU KHÔNG HẠT,KG,11.6,11.52,0.08,0.08,CO HINH (1 anh),1,https://s3.kingfood.co/double-check/scaled_2dfb8cf2-24cd-4150-bdc6-91ded9491c738721927025138275322.jpg,,hình kdb
96,08/23/2026,A135,KFM_HCM_NBE - 1652 Huỳnh Tấn Phát,PT1707288,A,TO246352,1100816,DƯA HẤU RUỘT ĐỎ,KG,15.4,15.26,0.14,0.14,CO HINH (1 anh),1,https://s3.kingfood.co/double-check/scaled_4094629b-48a8-4418-8be3-c034af848dcb5430227149480452391.jpg,tn,hình kdb
97,08/23/2026,A135,KFM_HCM_NBE - 1652 Huỳnh Tấn Phát,PT1707288,A,TO246352,1101003,DƯA HẤU KHÔNG HẠT,KG,11.5,11.44,0.06,0.06,CO HINH (1 anh),1,https://s3.kingfood.co/double-check/scaled_b3b3361d-b01b-4405-9b8d-ae0e304fe4ef3976104618032844068.jpg,tn,hình kdb
98,08/23/2026,A135,KFM_HCM_NBE - 1652 Huỳnh Tấn Phát,PT1707288,A,TO246352,1101116,DỨA  MD2,KG,8.0,7.86,0.14,0.14,CO HINH (1 anh),1,https://s3.kingfood.co/double-check/scaled_cbcf598d-110c-4495-900e-3b337a7a00407713608552623987470.jpg,tn,hình kdb
99,08/23/2026,A135,KFM_HCM_NBE - 1652 Huỳnh Tấn Phát,PT1707288,A,TO246352,1101366,BÔNG CẢI XANH ĐÀ LẠT  (KG),KG,4.1,3.88,0.22,0.22,CO HINH (1 anh),1,https://s3.kingfood.co/double-check/scaled_44142d5d-2cf2-4326-aedd-c9988ce5d78f6400675626280740954.jpg,tn,hình kdb
100,08/23/2026,A135,KFM_HCM_NBE - 1652 Huỳnh Tấn Phát,PT1707288,A,TO246352,1101812,DƯA HẤU GIỐNG MỸ,KG,15.3,11.44,3.86,0.0,CO HINH (1 anh),1,https://s3.kingfood.co/double-check/scaled_42be55d2-e1c0-4bea-9665-cfc4adae6b367184027355759372876.jpg,tn,hình kdb
101,08/23/2026,A135,KFM_HCM_NBE - 1652 Huỳnh Tấn Phát,PT1707288,A,TO246352,1101941,DƯA LƯỚI VỎ VÀNG RUỘT CAM,KG,12.0,11.84,0.16,0.16,CO HINH (1 anh),1,https://s3.kingfood.co/double-check/scaled_49cd75af-e62c-44c4-aee9-5b6411013a357536693151716206431.jpg,tn,hình kdb
102,08/23/2026,A137,KFM_HCM_TDU - 60 Lương Định Của,PT1707115,A,TO246045,1100816,DƯA HẤU RUỘT ĐỎ,KG,15.7,15.6,0.1,0.1,CO HINH (1 anh),1,https://s3.kingfood.co/double-check/scaled_c57a4731-cc41-4d0f-8c2f-575e6f9d4ad2725956353023333022.jpg,tn,hình kdb
103,08/23/2026,A137,KFM_HCM_TDU - 60 Lương Định Của,PT1707115,A,TO246045,1100917,BÍ ĐỎ TRÒN,KG,5.6,5.58,0.02,0.02,CO HINH (1 anh),1,https://s3.kingfood.co/double-check/scaled_7a760383-ca8d-4aa7-b89d-7b40f97dbdea2890156996811037206.jpg,tn,hình kdb
104,08/23/2026,A137,KFM_HCM_TDU - 60 Lương Định Của,PT1707115,A,TO246045,1100992,DƯA LƯỚI VỎ XANH RUỘT CAM,KG,10.1,10.06,0.04,0.04,CO HINH (1 anh),1,https://s3.kingfood.co/double-check/scaled_d90a7557-a24c-4bfc-9232-c00c2ebdca534226976420963029314.jpg,tn,hình kdb
105,08/23/2026,A137,KFM_HCM_TDU - 60 Lương Định Của,PT1707115,A,TO246045,1101062,CHUỐI LABA ĐÀ LẠT,KG,10.1,10.0,0.1,0.1,CO HINH (1 anh),1,https://s3.kingfood.co/double-check/scaled_b9edac60-8c97-42ce-b7e0-ea35964f43654918536133253970696.jpg,tn,hình kdb
106,08/23/2026,A137,KFM_HCM_TDU - 60 Lương Định Của,PT1707115,A,TO246045,1101302,CHUỐI GIÀ GIỐNG NAM MỸ,KG,16.0,15.66,0.34,0.34,CO HINH (1 anh),1,https://s3.kingfood.co/double-check/scaled_48d369fe-f0c8-476f-a785-0509bcc8a8587923507453994497066.jpg,tn,hình kdb
107,08/23/2026,A137,KFM_HCM_TDU - 60 Lương Định Của,PT1707115,A,TO246045,1101592,SẦU RIÊNG RI6,KG,10.0,9.88,0.12,0.12,CO HINH (1 anh),1,https://s3.kingfood.co/double-check/scaled_4b729476-ee69-4965-a859-6100f1ac56745866125708744750940.jpg,tn,hình kdb
108,08/23/2026,A137,KFM_HCM_TDU - 60 Lương Định Của,PT1707115,A,TO246045,1101941,DƯA LƯỚI VỎ VÀNG RUỘT CAM,KG,12.1,12.06,0.04,0.04,CO HINH (1 anh),1,https://s3.kingfood.co/double-check/scaled_15759c02-3d9c-4ce3-a5df-41028fad9ef32396837407969832363.jpg,tn,hình kdb
109,08/23/2026,A138,KFM_HCM_TBI - 48 Trần Văn Quang,PT1707386,A,TO246028,1100992,DƯA LƯỚI VỎ XANH RUỘT CAM,KG,10.1,9.98,0.12,0.12,CO HINH (1 anh),1,https://s3.kingfood.co/double-check/scaled_623747c4-ba36-4b07-a38c-8321096750e69007503246262599961.jpg,tn,hình kdb
110,08/23/2026,A139,KFM_HCM_BTA - 197 Đường số 1 An Lạc,PT1707283,A,TO246124,1101062,CHUỐI LABA ĐÀ LẠT,KG,10.1,10.0,0.1,0.1,CO HINH (1 anh),1,https://s3.kingfood.co/double-check/scaled_5c085161-00c2-4fb9-b2cd-fee828ba5d415916248639066134042.jpg,,hình kdb
111,08/23/2026,A139,KFM_HCM_BTA - 197 Đường số 1 An Lạc,PT1707283,A,TO246124,1101941,DƯA LƯỚI VỎ VÀNG RUỘT CAM,KG,12.1,12.0,0.1,0.1,CO HINH (1 anh),1,https://s3.kingfood.co/double-check/scaled_132eb88e-072a-40bd-8117-bff87b0b23025884354483829679079.jpg,,hình kdb
112,08/23/2026,A140,KFM_HCM_BCH - 68 Đường Số 1 Khu dân cư 6B Intresco,PT1707114,A,TO246118,1101062,CHUỐI LABA ĐÀ LẠT,KG,10.1,10.0,0.1,0.1,CO HINH (1 anh),1,https://s3.kingfood.co/double-check/scaled_7187121c-5d5f-4569-9aac-154d9777cc748761270949494164010.jpg,tn 10,hình kdb
113,08/23/2026,A140,KFM_HCM_BCH - 68 Đường Số 1 Khu dân cư 6B Intresco,PT1707114,A,TO246118,1101366,BÔNG CẢI XANH ĐÀ LẠT  (KG),KG,4.2,4.18,0.02,0.02,CO HINH (1 anh),1,https://s3.kingfood.co/double-check/scaled_89b3d1fd-3419-4eca-86a4-59405e4c22b64232600167023491889.jpg,4.18,hình kdb
114,08/23/2026,A140,KFM_HCM_BCH - 68 Đường Số 1 Khu dân cư 6B Intresco,PT1707114,A,TO246118,1101992,XOÀI TỨ QUÝ,KG,3.0,2.38,0.62,0.62,CO HINH (1 anh),1,https://s3.kingfood.co/double-check/scaled_52a20baf-8aa4-446f-b6e9-44cbba9b99b11994875481109870149.jpg,tn 2.38,hình kdb
115,08/23/2026,A141,KFM_HCM_Q07 - X1.013 Sunrise City North,PT1707113,A,TO246043,1101366,BÔNG CẢI XANH ĐÀ LẠT  (KG),KG,4.5,4.46,0.04,0.04,CHUA CO HINH,0,,tn,Thiếu hình
116,08/23/2026,A141,KFM_HCM_Q07 - X1.013 Sunrise City North,PT1707113,A,TO246043,1101592,SẦU RIÊNG RI6,KG,9.9,9.82,0.08,0.08,CHUA CO HINH,0,,TN,Thiếu hình
117,08/23/2026,A144,KFM_HCM_Q07 - A01-06 Hoàng Anh Thanh Bình,PT1707391,A,TO246206,1100816,DƯA HẤU RUỘT ĐỎ,KG,29.6,29.4,0.2,0.2,CHUA CO HINH,0,,tn,Thiếu hình
118,08/23/2026,A144,KFM_HCM_Q07 - A01-06 Hoàng Anh Thanh Bình,PT1707391,A,TO246206,1100917,BÍ ĐỎ TRÒN,KG,6.7,6.62,0.08,0.08,CHUA CO HINH,0,,tn,Thiếu hình
119,08/23/2026,A144,KFM_HCM_Q07 - A01-06 Hoàng Anh Thanh Bình,PT1707391,A,TO246206,1100992,DƯA LƯỚI VỎ XANH RUỘT CAM,KG,10.0,9.98,0.02,0.02,CHUA CO HINH,0,,tn,Thiếu hình
120,08/23/2026,A144,KFM_HCM_Q07 - A01-06 Hoàng Anh Thanh Bình,PT1707391,A,TO246206,1101116,DỨA  MD2,KG,7.5,7.36,0.14,0.14,CHUA CO HINH,0,,tn,Thiếu hình
121,08/23/2026,A144,KFM_HCM_Q07 - A01-06 Hoàng Anh Thanh Bình,PT1707391,A,TO246206,1101812,DƯA HẤU GIỐNG MỸ,KG,15.9,15.76,0.14,0.14,CHUA CO HINH,0,,tn,Thiếu hình
122,08/23/2026,A144,KFM_HCM_Q07 - A01-06 Hoàng Anh Thanh Bình,PT1707391,A,TO246206,1101991,LÊ ĐƯỜNG HÀ GIANG,KG,4.0,3.98,0.02,0.02,CHUA CO HINH,0,,tn,Thiếu hình
123,08/23/2026,A144,KFM_HCM_Q07 - A01-06 Hoàng Anh Thanh Bình,PT1707391,A,TO246206,1102035,MẬN ĐÁ ĐƯỜNG,KG,4.0,3.56,0.44,0.44,CHUA CO HINH,0,,tn,Thiếu hình
124,08/23/2026,A145,KFM_HCM_TPH - 379 Thạch Lam,PT1707384,A,TO245920,1101366,BÔNG CẢI XANH ĐÀ LẠT  (KG),KG,4.4,4.3,0.1,0.1,CO HINH (1 anh),1,https://s3.kingfood.co/double-check/scaled_56d18263-8955-4ecf-9f1f-f601cb3f9a3c8119728330794934723.jpg,tn,hình kdb
125,08/23/2026,A146,KFM_HCM_TBI - 108 Bùi Thị Xuân,PT1707414,A,TO246165,1101366,BÔNG CẢI XANH ĐÀ LẠT  (KG),KG,4.1,4.04,0.06,0.06,CO HINH (1 anh),1,https://s3.kingfood.co/double-check/scaled_ec4e65c4-02db-4554-97cf-d89f84d6bea51219996836856101347.jpg,tn,hình kdb
126,08/23/2026,A147,KFM_HCM_Q07 - 956 Huỳnh Tấn Phát,PT1707112,A,TO246074,1101366,BÔNG CẢI XANH ĐÀ LẠT  (KG),KG,4.0,3.92,0.08,0.08,CO HINH (1 anh),1,https://s3.kingfood.co/double-check/scaled_a3b09167-0217-416c-9970-4ebd6be9aa311312828082042456550.jpg,tn,hình kdb
127,08/23/2026,A149,KFM_HCM_TPH - 50 Lương Minh Nguyệt,PT1707110,A,TO246002,1100816,DƯA HẤU RUỘT ĐỎ,KG,15.4,15.38,0.02,0.02,CO HINH (1 anh),1,https://s3.kingfood.co/double-check/scaled_38da0f7f-0e3d-4fce-a991-add7113c9677690827719980146604.jpg,tn,hình kdb
128,08/23/2026,A149,KFM_HCM_TPH - 50 Lương Minh Nguyệt,PT1707110,A,TO246002,1100917,BÍ ĐỎ TRÒN,KG,6.6,6.56,0.045,0.045,CO HINH (1 anh),1,https://s3.kingfood.co/double-check/scaled_e342af89-7da7-4fda-8a8d-022d14416d603456043529660390802.jpg,tn,hình kdb
129,08/23/2026,A149,KFM_HCM_TPH - 50 Lương Minh Nguyệt,PT1707110,A,TO246002,1101302,CHUỐI GIÀ GIỐNG NAM MỸ,KG,8.0,7.96,0.045,0.045,CO HINH (1 anh),1,https://s3.kingfood.co/double-check/scaled_fc9c7ec7-40af-46d3-a778-8315d25a44d63235888109989929118.jpg,tn,hình kdb
130,08/23/2026,A149,KFM_HCM_TPH - 50 Lương Minh Nguyệt,PT1707110,A,TO246002,1101366,BÔNG CẢI XANH ĐÀ LẠT  (KG),KG,4.0,3.81,0.195,0.195,CO HINH (1 anh),1,https://s3.kingfood.co/double-check/scaled_aa60aa2f-f3b1-49df-b603-ce42b43f78b44272046919819229886.jpg,tn,hình kdb
131,08/23/2026,A149,KFM_HCM_TPH - 50 Lương Minh Nguyệt,PT1707110,A,TO246002,1101592,SẦU RIÊNG RI6,KG,10.0,9.76,0.245,0.245,CO HINH (1 anh),1,https://s3.kingfood.co/double-check/scaled_7fd20381-afe6-48c1-a272-1f8fe65c6c03853799345196737957.jpg,tn,hình kdb
132,08/23/2026,A150,KFM_HCM_Q07 - A14 The Infinity Riviera Point,PT1707207,A,TO246117,1100816,DƯA HẤU RUỘT ĐỎ,KG,14.5,14.44,0.06,0.06,CHUA CO HINH,0,,tn,Thiếu hình
133,08/23/2026,A150,KFM_HCM_Q07 - A14 The Infinity Riviera Point,PT1707207,A,TO246117,1101003,DƯA HẤU KHÔNG HẠT,KG,21.0,20.9,0.1,0.1,CHUA CO HINH,0,,tn,Thiếu hình
134,08/23/2026,A150,KFM_HCM_Q07 - A14 The Infinity Riviera Point,PT1707207,A,TO246117,1101062,CHUỐI LABA ĐÀ LẠT,KG,10.1,10.06,0.04,0.04,CHUA CO HINH,0,,tn,Thiếu hình
135,08/23/2026,A150,KFM_HCM_Q07 - A14 The Infinity Riviera Point,PT1707207,A,TO246117,1101079,BƠ 034,KG,6.7,6.68,0.02,0.02,CHUA CO HINH,0,,tn.,Thiếu hình
136,08/23/2026,A150,KFM_HCM_Q07 - A14 The Infinity Riviera Point,PT1707207,A,TO246117,1101302,CHUỐI GIÀ GIỐNG NAM MỸ,KG,32.0,31.96,0.04,0.04,CHUA CO HINH,0,,tn,Thiếu hình
137,08/23/2026,A150,KFM_HCM_Q07 - A14 The Infinity Riviera Point,PT1707207,A,TO246117,1101366,BÔNG CẢI XANH ĐÀ LẠT  (KG),KG,4.1,4.08,0.02,0.02,CHUA CO HINH,0,,tn,Thiếu hình
138,08/23/2026,A150,KFM_HCM_Q07 - A14 The Infinity Riviera Point,PT1707207,A,TO246117,1101812,DƯA HẤU GIỐNG MỸ,KG,14.5,14.46,0.04,0.04,CHUA CO HINH,0,,tn,Thiếu hình
139,08/23/2026,A151,KFM_HCM_GVA - 20 Lê Đức Thọ,PT1707109,A,TO246129,1101302,CHUỐI GIÀ GIỐNG NAM MỸ,KG,8.0,7.95,0.05,0.05,CO HINH (1 anh),1,https://s3.kingfood.co/double-check/scaled_c9403f16-a80e-4d73-a004-f672400dbfcd2744423127135330373.jpg,tn,hình kdb
140,08/23/2026,A151,KFM_HCM_GVA - 20 Lê Đức Thọ,PT1707109,A,TO246129,1101366,BÔNG CẢI XANH ĐÀ LẠT  (KG),KG,4.3,4.2,0.1,0.1,CO HINH (1 anh),1,https://s3.kingfood.co/double-check/scaled_242e29e6-b0ba-4a39-a995-056922d7e5c16559092548250997613.jpg,tn,hình kdb
141,08/23/2026,A154,KFM_HCM_TDU - 299 Liên Phường,PT1707333,A,TO246007,1101077,CHANH DÂY,KG,3.0,2.84,0.16,0.16,CO HINH (1 anh),1,https://s3.kingfood.co/double-check/scaled_b468dd13-0c8c-4803-8580-7e0b7ff980185314776584877022984.jpg,tn,hình kdb
142,08/23/2026,A154,KFM_HCM_TDU - 299 Liên Phường,PT1707333,A,TO246007,1101992,XOÀI TỨ QUÝ,KG,9.0,8.66,0.34,0.34,CO HINH (1 anh),1,https://s3.kingfood.co/double-check/scaled_f3dfb63a-775c-489c-af77-8ac2cf8c59ea9073265507197557618.jpg,tn,hình kdb
143,08/23/2026,A157,KFM_HCM_Q06 - B1.00.01 Him Lam Chợ Lớn,PT1707107,A,TO246047,1100816,DƯA HẤU RUỘT ĐỎ,KG,14.8,14.31,0.495,0.495,CHUA CO HINH,0,,tn14.305,Thiếu hình
144,08/23/2026,A157,KFM_HCM_Q06 - B1.00.01 Him Lam Chợ Lớn,PT1707107,A,TO246047,1100942,BƠ BOOTH,KG,3.0,2.98,0.02,0.02,CHUA CO HINH,0,,tn2.980,Thiếu hình
145,08/23/2026,A157,KFM_HCM_Q06 - B1.00.01 Him Lam Chợ Lớn,PT1707107,A,TO246047,1101941,DƯA LƯỚI VỎ VÀNG RUỘT CAM,KG,14.9,13.99,0.91,0.0,CHUA CO HINH,0,,tn13.99,Thiếu hình
146,08/23/2026,A157,KFM_HCM_Q06 - B1.00.01 Him Lam Chợ Lớn,PT1707107,A,TO246047,1101992,XOÀI TỨ QUÝ,KG,3.0,2.93,0.07,0.07,CHUA CO HINH,0,,tn2.930,Thiếu hình
147,08/23/2026,A159,KFM_HCM_TPH - 52 Thoại Ngọc Hầu,PT1707106,A,TO246172,1100816,DƯA HẤU RUỘT ĐỎ,KG,16.1,15.94,0.16,0.16,CO HINH (1 anh),1,https://s3.kingfood.co/double-check/scaled_70f13313-ea7a-4540-970f-b2b5abb8c77e7281737879784917336.jpg,tn,hình kdb
148,08/23/2026,A159,KFM_HCM_TPH - 52 Thoại Ngọc Hầu,PT1707106,A,TO246172,1101366,BÔNG CẢI XANH ĐÀ LẠT  (KG),KG,4.2,4.18,0.02,0.02,CO HINH (1 anh),1,https://s3.kingfood.co/double-check/scaled_76f7c90e-0016-459a-8f12-88227812b41a8103146215090808170.jpg,tn,hình kdb
149,08/23/2026,A159,KFM_HCM_TPH - 52 Thoại Ngọc Hầu,PT1707106,A,TO246172,1101592,SẦU RIÊNG RI6,KG,9.8,9.78,0.02,0.02,CO HINH (1 anh),1,https://s3.kingfood.co/double-check/scaled_bb8f8987-630b-4ccd-8dd8-14fed46f0568616858640024873195.jpg,tn,hình kdb
150,08/23/2026,A159,KFM_HCM_TPH - 52 Thoại Ngọc Hầu,PT1707106,A,TO246172,1101941,DƯA LƯỚI VỎ VÀNG RUỘT CAM,KG,12.1,11.6,0.5,0.5,CO HINH (1 anh),1,https://s3.kingfood.co/double-check/scaled_20719a96-e0b2-4979-8fc0-81b5e9ce0f227965658320306861286.jpg,tn,hình kdb
151,08/23/2026,A164,KFM_BDU_DAN - B2.01.05 Tháp B Opal Boulevard,PT1707331,A,TO246212,1101062,CHUỐI LABA ĐÀ LẠT,KG,10.1,9.96,0.14,0.14,CO HINH (1 anh),1,https://s3.kingfood.co/double-check/scaled_6c8d45fe-5df3-4ffd-8180-58d30790ff117397228128311813822.jpg,tn,hình kdb
152,08/23/2026,A165,KFM_HCM_Q07 - B1.01 Chung cư Golden Star,PT1707104,A,TO245951,1100271,XOÀI CÁT CHU VÀNG,KG,3.1,3.1,0.005,0.005,CHUA CO HINH,0,,tn,Thiếu hình
153,08/23/2026,A165,KFM_HCM_Q07 - B1.01 Chung cư Golden Star,PT1707104,A,TO245951,1100816,DƯA HẤU RUỘT ĐỎ,KG,16.0,15.94,0.06,0.06,CHUA CO HINH,0,,tn,Thiếu hình
154,08/23/2026,A165,KFM_HCM_Q07 - B1.01 Chung cư Golden Star,PT1707104,A,TO245951,1101062,CHUỐI LABA ĐÀ LẠT,KG,10.2,0.0,10.2,0.0,CHUA CO HINH,0,,tn,Thiếu hình
155,08/23/2026,A165,KFM_HCM_Q07 - B1.01 Chung cư Golden Star,PT1707104,A,TO245951,1101941,DƯA LƯỚI VỎ VÀNG RUỘT CAM,KG,11.7,11.15,0.55,0.55,CHUA CO HINH,0,,tn,Thiếu hình
156,08/23/2026,A166,KFM_HCM_Q07 - Block K Happy Valley,PT1707330,A,TO246281,1101366,BÔNG CẢI XANH ĐÀ LẠT  (KG),KG,4.3,4.28,0.02,0.02,CHUA CO HINH,0,,,Thiếu hình
157,08/23/2026,A170,KFM_HCM_TBI - 91 Nguyễn Phúc Chu,PT1707103,A,TO246111,1100816,DƯA HẤU RUỘT ĐỎ,KG,15.1,15.06,0.04,0.04,CO HINH (1 anh),1,https://s3.kingfood.co/double-check/scaled_1c40b10a-f168-4332-a1b1-9308f7b270302171023630765429979.jpg,tn,hình kdb
158,08/23/2026,A170,KFM_HCM_TBI - 91 Nguyễn Phúc Chu,PT1707103,A,TO246111,1101055,DƯA LÊ TRẮNG,KG,3.0,2.98,0.02,0.02,CO HINH (1 anh),1,https://s3.kingfood.co/double-check/scaled_a6d60133-6ab7-492e-9f01-0b154e232070189394715528869742.jpg,tn,hình kdb
159,08/23/2026,A172,KFM_HCM_TDU - 173 Lê Văn Chí,PT1707102,A,TO245921,1100816,DƯA HẤU RUỘT ĐỎ,KG,14.4,14.3,0.1,0.1,CO HINH (1 anh),1,https://s3.kingfood.co/double-check/scaled_e4f97514-5302-4182-82f8-cf1f71a9f04251055186297969667.jpg,tn,hình kdb
160,08/23/2026,A175,KFM_HCM_PNH - GM-1.06 Golden Mansion,PT1707101,A,TO245964,1100816,DƯA HẤU RUỘT ĐỎ,KG,14.9,14.88,0.02,0.02,CO HINH (1 anh),1,https://s3.kingfood.co/double-check/scaled_48101c6e-1b4a-41f9-b35c-df46e80557d81074078084267330061.jpg,tn,hình kdb
161,08/23/2026,A175,KFM_HCM_PNH - GM-1.06 Golden Mansion,PT1707101,A,TO245964,1101941,DƯA LƯỚI VỎ VÀNG RUỘT CAM,KG,12.0,11.94,0.06,0.06,CO HINH (1 anh),1,https://s3.kingfood.co/double-check/scaled_b7df8fd5-620e-485e-9d99-b82582e61dd26970785605448336482.jpg,tn,hình kdb
162,08/23/2026,A175,KFM_HCM_PNH - GM-1.06 Golden Mansion,PT1707101,A,TO245964,1102035,MẬN ĐÁ ĐƯỜNG,KG,4.0,3.99,0.01,0.01,CO HINH (1 anh),1,https://s3.kingfood.co/double-check/scaled_e658a38d-3acb-4a75-84aa-25ee370f1e6f6485670890420693051.jpg,tn,hình kdb
163,08/23/2026,A176,KFM_HCM_NBE - A.1.05 Sunrise Riverside,PT1707100,A,TO246200,1101062,CHUỐI LABA ĐÀ LẠT,KG,10.1,10.04,0.06,0.06,CO HINH (1 anh),1,https://s3.kingfood.co/double-check/scaled_038b9f0a-86eb-4cae-89d4-c8298a3c00847783957086136186373.jpg,tn,hình kdb
164,08/23/2026,A176,KFM_HCM_NBE - A.1.05 Sunrise Riverside,PT1707100,A,TO246200,1101079,BƠ 034,KG,6.1,6.04,0.065,0.065,CO HINH (1 anh),1,https://s3.kingfood.co/double-check/scaled_1dfe4afb-36c2-4d47-b9e9-b061311be1e7818271726271520022.jpg,tn,hình kdb
165,08/23/2026,A176,KFM_HCM_NBE - A.1.05 Sunrise Riverside,PT1707100,A,TO246200,1101094,MÍT GIỐNG THÁI CẮT MIÊNG,KG,3.0,2.99,0.015,0.015,CO HINH (1 anh),1,https://s3.kingfood.co/double-check/scaled_5fa5b465-7db8-40f4-b0e5-ccd41ec692f1543626725233262847.jpg,tn,hình kdb
166,08/23/2026,A176,KFM_HCM_NBE - A.1.05 Sunrise Riverside,PT1707100,A,TO246200,1101592,SẦU RIÊNG RI6,KG,19.8,19.6,0.2,0.2,CO HINH (1 anh),1,https://s3.kingfood.co/double-check/scaled_dabaf006-a362-4076-9501-1d5ae234806c5662079596097184308.jpg,tn,hình kdb
167,08/23/2026,A176,KFM_HCM_NBE - A.1.05 Sunrise Riverside,PT1707100,A,TO246200,1101941,DƯA LƯỚI VỎ VÀNG RUỘT CAM,KG,12.1,12.04,0.06,0.06,CO HINH (1 anh),1,https://s3.kingfood.co/double-check/scaled_a1c32afa-4c5e-473e-a259-95c05c476d1e396278259101645702.jpg,tn,hình kdb
168,08/23/2026,A177,KFM_HCM_Q07 - 1016/21 Chung Cư Sky Garden 2-R1-2,PT1707328,A,TO246146,1101116,DỨA  MD2,KG,8.0,7.8,0.2,0.2,CO HINH (1 anh),1,https://s3.kingfood.co/double-check/scaled_3d98b5ad-1018-4acc-a14c-1e8e6e07e7af7598409269484523724.jpg,,hình kdb
169,08/23/2026,A178,KFM_HCM_NBE - G16 Celesta Rise,PT1707099,A,TO245954,1100816,DƯA HẤU RUỘT ĐỎ,KG,15.4,15.38,0.02,0.02,CO HINH (1 anh),1,https://s3.kingfood.co/double-check/scaled_93537d3b-8f0b-4a9d-8df7-b8fd32edf5e5910823221941716971.jpg,tn 15.38,hình kdb
170,08/23/2026,A178,KFM_HCM_NBE - G16 Celesta Rise,PT1707099,A,TO245954,1100992,DƯA LƯỚI VỎ XANH RUỘT CAM,KG,10.1,10.06,0.04,0.04,CO HINH (1 anh),1,https://s3.kingfood.co/double-check/scaled_a2281f3a-6cdc-4807-abf4-bc05950b82717786267334314709284.jpg,tn 10.06,hình kdb
171,08/23/2026,A178,KFM_HCM_NBE - G16 Celesta Rise,PT1707099,A,TO245954,1101062,CHUỐI LABA ĐÀ LẠT,KG,9.9,9.82,0.08,0.08,CO HINH (1 anh),1,https://s3.kingfood.co/double-check/scaled_05c79e25-7a93-4cb4-80ce-3c963a8f76319012986781753901364.jpg,tn 9.82,hình kdb
172,08/23/2026,A178,KFM_HCM_NBE - G16 Celesta Rise,PT1707099,A,TO245954,1101116,DỨA  MD2,KG,8.3,8.22,0.08,0.08,CO HINH (1 anh),1,https://s3.kingfood.co/double-check/scaled_de67df12-fba2-449b-a5c1-dc1c5b583ae32651022697365548346.jpg,tn 8.22,hình kdb
173,08/23/2026,A179,KFM_HCM_TDU - A1.02 Him Lam Phú An,PT1707327,A,TO246225,1100816,DƯA HẤU RUỘT ĐỎ,KG,30.7,30.52,0.18,0.18,CO HINH (2 anh),2,"https://s3.kingfood.co/double-check/scaled_eb253f51-b522-4dcb-949c-d202a32a5d364507906042711034991.jpg
https://s3.kingfood.co/double-check/scaled_979f2592-80bf-49f0-aec1-7d874a95b7e26442877205779443448.jpg",tn,hình kdb
174,08/23/2026,A179,KFM_HCM_TDU - A1.02 Him Lam Phú An,PT1707327,A,TO246225,1101366,BÔNG CẢI XANH ĐÀ LẠT  (KG),KG,4.0,3.98,0.02,0.02,CO HINH (1 anh),1,https://s3.kingfood.co/double-check/scaled_3e013e92-1e0a-4172-b990-0d80ae5ea7997582318421269900547.jpg,tn,hình kdb
175,08/23/2026,A179,KFM_HCM_TDU - A1.02 Him Lam Phú An,PT1707327,A,TO246225,1101941,DƯA LƯỚI VỎ VÀNG RUỘT CAM,KG,12.1,12.02,0.08,0.08,CO HINH (1 anh),1,https://s3.kingfood.co/double-check/scaled_135c46ba-4146-448c-b830-e06293dd47d52964482153983523359.jpg,tn,hình kdb
176,08/23/2026,A182,KFM_HCM_TDU - S08.02 Vinhomes Grand Park,PT1707325,A,TO245999,1100816,DƯA HẤU RUỘT ĐỎ,KG,15.5,15.46,0.04,0.04,CO HINH (1 anh),1,https://s3.kingfood.co/double-check/scaled_c3f69a34-4948-41e7-9d3f-8179079f6d617746662272859203238.jpg,,hình kdb
177,08/23/2026,A182,KFM_HCM_TDU - S08.02 Vinhomes Grand Park,PT1707325,A,TO245999,1101079,BƠ 034,KG,3.0,3.0,0.005,0.005,CO HINH (1 anh),1,https://s3.kingfood.co/double-check/scaled_8887794e-8aea-4546-a0c3-9cbf2593379c7944820728477017991.jpg,,hình kdb
178,08/23/2026,A183,KFM_HCM_TDU - 86C Đường 339 Phước Long,PT1707362,A,TO245946,1101941,DƯA LƯỚI VỎ VÀNG RUỘT CAM,KG,12.0,11.86,0.14,0.14,CO HINH (1 anh),1,https://s3.kingfood.co/double-check/scaled_d46e956b-b929-47ea-bd9f-ae19040b178c2827098190442849280.jpg,tn,hình kdb
179,08/23/2026,A184,KFM_HCM_BCH - L1.08 Saigon Mia,PT1707189,A,TO246219,1101302,CHUỐI GIÀ GIỐNG NAM MỸ,KG,8.0,7.86,0.14,0.14,CHUA CO HINH,0,,tn,Thiếu hình
180,08/23/2026,A185,KFM_HCM_TDU - BS15 Vinhomes Grand Park,PT1707363,A,TO246097,1100816,DƯA HẤU RUỘT ĐỎ,KG,15.1,14.92,0.18,0.18,CO HINH (1 anh),1,https://s3.kingfood.co/double-check/scaled_154aad13-ca3c-448f-b9bb-498eef0169eb5428742613352380598.jpg,,hình kdb
181,08/23/2026,A185,KFM_HCM_TDU - BS15 Vinhomes Grand Park,PT1707363,A,TO246097,1101366,BÔNG CẢI XANH ĐÀ LẠT  (KG),KG,4.4,4.3,0.1,0.1,CO HINH (1 anh),1,https://s3.kingfood.co/double-check/scaled_5d2ee85c-f02b-49b1-a3fb-efb960ff68ef8949744565813775603.jpg,,hình kdb
182,08/23/2026,A185,KFM_HCM_TDU - BS15 Vinhomes Grand Park,PT1707363,A,TO246097,1101941,DƯA LƯỚI VỎ VÀNG RUỘT CAM,KG,12.0,9.94,2.06,0.0,CO HINH (1 anh),1,https://s3.kingfood.co/double-check/scaled_a00cae5f-bf2a-489a-9386-0b6dfee14edf7720022389551758042.jpg,,hình kdb
183,08/23/2026,A186,KFM_HCM_TPH - H.38 Melody Residences Âu Cơ,PT1707098,A,TO246273,1101991,LÊ ĐƯỜNG HÀ GIANG,KG,4.0,3.99,0.01,0.01,CO HINH (1 anh),1,https://s3.kingfood.co/double-check/scaled_6fc9093a-9c32-4315-a00a-9137ec3c88ba5491784677157904163.jpg,thieu,hình kdb
184,08/23/2026,A189,"KFM_BDU_DAN - 9 Đường M, Khu Phố Nhị Đồng 2",PT1707410,A,TO245933,1101079,BƠ 034,KG,3.1,3.08,0.02,0.02,CO HINH (1 anh),1,https://s3.kingfood.co/double-check/scaled_347bc9cb-e495-44b5-9164-c36a3608fb30571890568679130481.jpg,tn,hình kdb
185,08/23/2026,A190,KFM_HCM_TBI - BPB-01.08 Botanica Premier,PT1707095,A,TO246289,1100816,DƯA HẤU RUỘT ĐỎ,KG,15.4,15.3,0.1,0.1,CO HINH (1 anh),1,https://s3.kingfood.co/double-check/scaled_578fdc74-c7e2-4594-8c76-c954802a455a2267292548336919789.jpg,tn,hình kdb
186,08/23/2026,A190,KFM_HCM_TBI - BPB-01.08 Botanica Premier,PT1707095,A,TO246289,1101062,CHUỐI LABA ĐÀ LẠT,KG,10.5,10.46,0.04,0.04,CO HINH (1 anh),1,https://s3.kingfood.co/double-check/scaled_e58d231e-5399-4747-a478-0c956306f0822643019841598513967.jpg,tn,hình kdb
187,08/23/2026,A190,KFM_HCM_TBI - BPB-01.08 Botanica Premier,PT1707095,A,TO246289,1101116,DỨA  MD2,KG,4.4,4.34,0.06,0.06,CO HINH (1 anh),1,https://s3.kingfood.co/double-check/scaled_09de28b6-05ee-4999-a85b-365bbda2add21607387773470662445.jpg,tn,hình kdb
188,08/23/2026,A190,KFM_HCM_TBI - BPB-01.08 Botanica Premier,PT1707095,A,TO246289,1101941,DƯA LƯỚI VỎ VÀNG RUỘT CAM,KG,12.0,11.9,0.1,0.1,CO HINH (1 anh),1,https://s3.kingfood.co/double-check/scaled_7df21256-3e09-4cb0-af79-5ffc4e59d4f31746089922243548433.jpg,tn,hình kdb
189,08/23/2026,A192,KFM_HCM_BTH - 61 Bùi Đình Túy,PT1707388,A,TO245931,1101592,SẦU RIÊNG RI6,KG,10.0,9.9,0.1,0.1,CHUA CO HINH,0,,tn,Thiếu hình
190,08/23/2026,A193,KFM_HCM_TDU - SH5-SH6 Homyland Riverside,PT1707324,A,TO246150,1100816,DƯA HẤU RUỘT ĐỎ,KG,30.6,30.4,0.2,0.2,CO HINH (1 anh),1,https://s3.kingfood.co/double-check/scaled_9c642e1a-124f-4dff-aa17-cab02ac1b2696366662723008261361.jpg,tn,hình kdb
191,08/23/2026,A193,KFM_HCM_TDU - SH5-SH6 Homyland Riverside,PT1707324,A,TO246150,1101003,DƯA HẤU KHÔNG HẠT,KG,12.2,12.1,0.1,0.1,CO HINH (1 anh),1,https://s3.kingfood.co/double-check/scaled_770ceb93-177d-4c0a-9d1c-2bd1d52a46d96880989394662275671.jpg,tn,hình kdb
192,08/23/2026,A193,KFM_HCM_TDU - SH5-SH6 Homyland Riverside,PT1707324,A,TO246150,1101062,CHUỐI LABA ĐÀ LẠT,KG,10.0,9.94,0.06,0.06,CO HINH (1 anh),1,https://s3.kingfood.co/double-check/scaled_3e647d64-7e4e-4b79-828f-1c73aae9f0794740899964301427355.jpg,tn,hình kdb
193,08/23/2026,A193,KFM_HCM_TDU - SH5-SH6 Homyland Riverside,PT1707324,A,TO246150,1101812,DƯA HẤU GIỐNG MỸ,KG,15.1,14.96,0.14,0.14,CO HINH (1 anh),1,https://s3.kingfood.co/double-check/scaled_18e30b57-b967-4ad6-a385-24988b8a0d608426107820908189761.jpg,tn,hình kdb
194,08/23/2026,A193,KFM_HCM_TDU - SH5-SH6 Homyland Riverside,PT1707324,A,TO246150,1101941,DƯA LƯỚI VỎ VÀNG RUỘT CAM,KG,11.8,11.7,0.1,0.1,CO HINH (1 anh),1,https://s3.kingfood.co/double-check/scaled_65e33be5-70fa-46ff-bebb-a3aced0d592c4625575535234009275.jpg,tn,hình kdb
195,08/23/2026,A193,KFM_HCM_TDU - SH5-SH6 Homyland Riverside,PT1707324,A,TO246150,1101992,XOÀI TỨ QUÝ,KG,3.0,2.22,0.78,0.78,CO HINH (1 anh),1,https://s3.kingfood.co/double-check/scaled_dbe01237-55d2-447d-aa05-9a67b014a91a4881022303673030965.jpg,tn,hình kdb
196,08/23/2026,A194,KFM_HCM_Q04 - TM.B.06 Millennium Bến Vân Đồn,PT1707201,A,TO246338,1100816,DƯA HẤU RUỘT ĐỎ,KG,31.1,30.98,0.12,0.12,CO HINH (2 anh),2,"https://s3.kingfood.co/double-check/scaled_ba4680d9-a4b1-4d95-a296-018b0861477c3922164816269207697.jpg
https://s3.kingfood.co/double-check/scaled_46611971-07b2-436a-bd49-10dfeac8e05354320847593407131.jpg",tn,hình kdb
197,08/23/2026,A194,KFM_HCM_Q04 - TM.B.06 Millennium Bến Vân Đồn,PT1707201,A,TO246338,1101003,DƯA HẤU KHÔNG HẠT,KG,12.7,12.64,0.06,0.06,CO HINH (1 anh),1,https://s3.kingfood.co/double-check/scaled_54b8ca9f-888e-41ec-a921-81d6abd484547499157277517272669.jpg,tn,hình kdb
198,08/23/2026,A194,KFM_HCM_Q04 - TM.B.06 Millennium Bến Vân Đồn,PT1707201,A,TO246338,1101079,BƠ 034,KG,3.2,3.1,0.1,0.1,CO HINH (1 anh),1,https://s3.kingfood.co/double-check/scaled_7b854c3b-159c-4ee8-ba9d-241e8e2da9328037512666691015883.jpg,TN3.145,hình kdb
199,08/23/2026,A194,KFM_HCM_Q04 - TM.B.06 Millennium Bến Vân Đồn,PT1707201,A,TO246338,1101302,CHUỐI GIÀ GIỐNG NAM MỸ,KG,8.0,7.92,0.085,0.085,CO HINH (1 anh),1,https://s3.kingfood.co/double-check/scaled_2613adc2-b0aa-4ce0-849c-48a3fb6533f84379790376328224080.jpg,tn,hình kdb
200,08/23/2026,A194,KFM_HCM_Q04 - TM.B.06 Millennium Bến Vân Đồn,PT1707201,A,TO246338,1101941,DƯA LƯỚI VỎ VÀNG RUỘT CAM,KG,11.8,11.7,0.1,0.1,CO HINH (1 anh),1,https://s3.kingfood.co/double-check/scaled_053c82ab-7829-43d5-8e55-0c303cef61fc2026277643611093519.jpg,TN 11.72,hình kdb
201,08/23/2026,A195,KFM_HCM_TPH - 91 Nguyễn Sơn,PT1707378,A,TO246131,1101302,CHUỐI GIÀ GIỐNG NAM MỸ,KG,8.0,7.98,0.025,0.025,CO HINH (1 anh),1,https://s3.kingfood.co/double-check/scaled_c46c789a-9499-4e5f-8af3-e3612100db684085730717578038954.jpg,tn 7.975,hình kdb
202,08/23/2026,A196,KFM_HCM_TBI - 56 Đường A4,PT1707389,A,TO245961,1101991,LÊ ĐƯỜNG HÀ GIANG,KG,4.0,3.99,0.01,0.01,CO HINH (1 anh),1,https://s3.kingfood.co/double-check/scaled_5d11beaf-b182-4975-9678-bc871ae9bea21170943981102515462.jpg,tn,hình kdb
203,08/23/2026,A199,KFM_HCM_TBI - 76 Bàu Cát,PT1707406,A,TO245975,1100867,BƯỞI DA XANH LOẠI 1,KG,5.9,5.9,0.005,0.005,CO HINH (1 anh),1,https://s3.kingfood.co/double-check/scaled_ebc13173-d6cf-4c27-b1e8-2f17a15a0da04383340671625121254.jpg,t,hình kdb
204,08/23/2026,A200,KFM_HCM_Q12 - H36 Khu Nhà Ở Thới An Đường Lê Thị Riêng,PT1707361,A,TO246037,1101941,DƯA LƯỚI VỎ VÀNG RUỘT CAM,KG,12.1,12.02,0.08,0.08,CO HINH (1 anh),1,https://s3.kingfood.co/double-check/scaled_6c64106e-aa42-4cea-85f6-44d4acadd3022227906171992862528.jpg,tn,hình kdb
205,08/23/2026,A200,KFM_HCM_Q12 - H36 Khu Nhà Ở Thới An Đường Lê Thị Riêng,PT1707361,A,TO246037,1102035,MẬN ĐÁ ĐƯỜNG,KG,4.0,3.98,0.025,0.025,CO HINH (1 anh),1,https://s3.kingfood.co/double-check/scaled_d9d17ffa-eee9-47af-bb10-5e382323e65f5158185791434683836.jpg,tn,hình kdb
206,08/23/2026,A201,KFM_HCM_GVA - 32B Đường Số 1 An Hội Đông,PT1707092,A,TO245906,1100816,DƯA HẤU RUỘT ĐỎ,KG,15.9,14.66,1.24,0.0,CO HINH (1 anh),1,https://s3.kingfood.co/double-check/scaled_11a3ccb8-a33b-4917-b6a6-e7af053cb44b1102171049722993794.jpg,tn,hình kdb
207,08/23/2026,A201,KFM_HCM_GVA - 32B Đường Số 1 An Hội Đông,PT1707092,A,TO245906,1100942,BƠ BOOTH,KG,3.1,3.01,0.095,0.095,CO HINH (1 anh),1,https://s3.kingfood.co/double-check/scaled_2dd1ee24-f9de-4642-b4a8-b9e4af07461c3797950766020148230.jpg,tn,hình kdb
208,08/23/2026,A201,KFM_HCM_GVA - 32B Đường Số 1 An Hội Đông,PT1707092,A,TO245906,1101003,DƯA HẤU KHÔNG HẠT,KG,11.4,11.3,0.1,0.1,CO HINH (1 anh),1,https://s3.kingfood.co/double-check/scaled_67bdbc1a-d14b-415c-8f86-d7f913ddaf626821128176734081979.jpg,tn,hình kdb
209,08/23/2026,A201,KFM_HCM_GVA - 32B Đường Số 1 An Hội Đông,PT1707092,A,TO245906,1101366,BÔNG CẢI XANH ĐÀ LẠT  (KG),KG,4.3,4.12,0.18,0.18,CO HINH (1 anh),1,https://s3.kingfood.co/double-check/scaled_ad04dbc6-3382-4845-95bc-f984a3d18fc16241270112086134637.jpg,tn,hình kdb
210,08/23/2026,A202,KFM_HCM_BCH - 32A Đường Số 10 Bình Hưng,PT1707091,A,TO245913,1101592,SẦU RIÊNG RI6,KG,10.2,10.08,0.12,0.12,CO HINH (1 anh),1,https://s3.kingfood.co/double-check/scaled_6f00a9a0-f5a5-48ee-8499-45ac5ea76d433339058301551803901.jpg,TN 10.08,hình kdb
211,08/23/2026,A204,KFM_HCM_TDU - 67A Nguyễn Duy Trinh Long Trường,PT1707089,A,TO246108,1100816,DƯA HẤU RUỘT ĐỎ,KG,14.7,14.52,0.18,0.18,CO HINH (1 anh),1,https://s3.kingfood.co/double-check/scaled_532ca700-360c-4fd7-aedc-e76466437336712659694313589313.jpg,tn,hình kdb
212,08/23/2026,A207,KFM_HCM_TDU - SH-1C 2 Đường A5 KDC Palm Residence,PT1707220,A,TO246192,1101116,DỨA  MD2,KG,8.0,7.84,0.16,0.16,CO HINH (1 anh),1,https://s3.kingfood.co/double-check/scaled_33135212-6501-4c67-81ee-b07aa9276b089011196963189290859.jpg,tn,hình kdb
213,08/23/2026,A209,KFM_BDU_DAN - 145B Lê Trọng Tấn,PT1707124,A,TO246261,1100816,DƯA HẤU RUỘT ĐỎ,KG,30.2,29.94,0.26,0.26,CO HINH (1 anh),1,https://s3.kingfood.co/double-check/scaled_dd19055c-ad29-4b0e-a441-b461122592cb6950702624724715515.jpg,tn,hình kdb
214,08/23/2026,A209,KFM_BDU_DAN - 145B Lê Trọng Tấn,PT1707124,A,TO246261,1101116,DỨA  MD2,KG,7.7,7.62,0.08,0.08,CO HINH (1 anh),1,https://s3.kingfood.co/double-check/scaled_3696f5a0-a33c-4f54-97c2-2b82089b21652794372148234185942.jpg,tn,hình kdb
215,08/23/2026,A209,KFM_BDU_DAN - 145B Lê Trọng Tấn,PT1707124,A,TO246261,1101366,BÔNG CẢI XANH ĐÀ LẠT  (KG),KG,4.4,4.3,0.1,0.1,CO HINH (1 anh),1,https://s3.kingfood.co/double-check/scaled_7bd30fed-e49e-4233-9f1e-ec15deb2657e3626285767196098436.jpg,tn,hình kdb
216,08/23/2026,A212,KFM_HCM_TDU - 146 Đường D1 Phước Long,PT1707087,A,TO246252,1100271,XOÀI CÁT CHU VÀNG,KG,3.1,3.04,0.06,0.06,CO HINH (1 anh),1,https://s3.kingfood.co/double-check/scaled_0db63691-0978-4684-8b90-bba225cb526a2996591020211878208.jpg,tn,hình kdb
217,08/23/2026,A212,KFM_HCM_TDU - 146 Đường D1 Phước Long,PT1707087,A,TO246252,1101077,CHANH DÂY,KG,3.0,2.7,0.3,0.3,CO HINH (1 anh),1,https://s3.kingfood.co/double-check/scaled_37d6817c-4716-47d5-9d68-e14723b0c5457925175429228557436.jpg,tn,hình kdb
218,08/23/2026,A214,KFM_BDU_TAN - 13 Vĩnh Phú 41,PT1707086,A,TO246071,1100816,DƯA HẤU RUỘT ĐỎ,KG,15.6,15.39,0.21,0.21,CO HINH (1 anh),1,https://s3.kingfood.co/double-check/scaled_c1457410-c883-4239-9c3d-947a3acdd1141892461426661978271.jpg,tn,hình kdb
219,08/23/2026,A214,KFM_BDU_TAN - 13 Vĩnh Phú 41,PT1707086,A,TO246071,1101302,CHUỐI GIÀ GIỐNG NAM MỸ,KG,16.0,15.84,0.16,0.16,CO HINH (2 anh),2,"https://s3.kingfood.co/double-check/scaled_10689c56-da9b-43aa-b135-0f83a00097d0541527423865714129.jpg
https://s3.kingfood.co/double-check/scaled_01963b30-1cc3-450d-9041-09b4f5b68cd3511490853686083343.jpg",tn,hình kdb
220,08/23/2026,A214,KFM_BDU_TAN - 13 Vĩnh Phú 41,PT1707086,A,TO246071,1101941,DƯA LƯỚI VỎ VÀNG RUỘT CAM,KG,11.9,11.57,0.335,0.335,CO HINH (1 anh),1,https://s3.kingfood.co/double-check/scaled_918626d8-39c0-4a9a-93eb-d16fe1dd80ca8076095230701306591.jpg,tn,hình kdb
221,08/23/2026,A214,KFM_BDU_TAN - 13 Vĩnh Phú 41,PT1707086,A,TO246071,1101992,XOÀI TỨ QUÝ,KG,3.0,2.55,0.455,0.455,CO HINH (1 anh),1,https://s3.kingfood.co/double-check/scaled_d973f1f5-e851-4afc-9790-8bba8364f5d9715569950241439703.jpg,tn,hình kdb
222,08/23/2026,A219,KFM_HCM_Q06 - TMDV 1-08 Chung Cư D-Homme,PT1707290,A,TO246080,1101318,MẬN AN PHƯỚC,KG,4.1,4.0,0.1,0.1,CHUA CO HINH,0,,tt,Thiếu hình
223,08/23/2026,A220,KFM_HCM_Q07 - 116 Đường Số 8 KDC Nam Long,PT1707379,A,TO245956,1100917,BÍ ĐỎ TRÒN,KG,5.3,5.29,0.01,0.01,CO HINH (1 anh),1,https://s3.kingfood.co/double-check/scaled_9cd0eba0-2817-4b27-8806-e005f40753868120881197636186799.jpg,tn,hình kdb
224,08/23/2026,A221,KFM_HCM_BTA - 235 Đường Số 6 An Lạc,PT1707375,A,TO245941,1100867,BƯỞI DA XANH LOẠI 1,KG,6.0,5.95,0.055,0.055,CO HINH (1 anh),1,https://s3.kingfood.co/double-check/scaled_cd471294-1ddc-4f12-970d-5dfe687ac9764200868573347377544.jpg,TN,hình kdb
225,08/23/2026,A221,KFM_HCM_BTA - 235 Đường Số 6 An Lạc,PT1707375,A,TO245941,1101991,LÊ ĐƯỜNG HÀ GIANG,KG,4.0,3.97,0.035,0.035,CO HINH (1 anh),1,https://s3.kingfood.co/double-check/scaled_7e35b6c9-d142-496c-a6f3-c284effa1cab2240100116611921627.jpg,TN,hình kdb
226,08/23/2026,A223,KFM_HCM_PNH - 29 Đặng Văn Ngữ,PT1707367,A,TO246149,1101055,DƯA LÊ TRẮNG,KG,3.0,2.8,0.2,0.2,CO HINH (1 anh),1,https://s3.kingfood.co/double-check/scaled_c7ce7921-f106-49be-876d-b599e237e2458923576043854109117.jpg,tn,hình kdb
227,08/23/2026,A223,KFM_HCM_PNH - 29 Đặng Văn Ngữ,PT1707367,A,TO246149,1101094,MÍT GIỐNG THÁI CẮT MIÊNG,KG,3.0,2.9,0.1,0.1,CO HINH (1 anh),1,https://s3.kingfood.co/double-check/scaled_08c6ee50-e5ad-4c87-8fdf-878a2b0bbb7e8775154271306738070.jpg,tn,hình kdb
228,08/23/2026,A223,KFM_HCM_PNH - 29 Đặng Văn Ngữ,PT1707367,A,TO246149,1101302,CHUỐI GIÀ GIỐNG NAM MỸ,KG,8.0,7.82,0.18,0.18,CO HINH (1 anh),1,https://s3.kingfood.co/double-check/scaled_2a253fc7-2f99-4e3b-98fc-3b5a2c0f78fe1412862083395979355.jpg,tn,hình kdb
229,08/23/2026,A223,KFM_HCM_PNH - 29 Đặng Văn Ngữ,PT1707367,A,TO246149,1101941,DƯA LƯỚI VỎ VÀNG RUỘT CAM,KG,12.4,12.06,0.34,0.34,CO HINH (1 anh),1,https://s3.kingfood.co/double-check/scaled_fe3373c0-8b94-4498-a26e-0bf7578473735204563457230863318.jpg,tn,hình kdb
230,08/23/2026,A223,KFM_HCM_PNH - 29 Đặng Văn Ngữ,PT1707367,A,TO246149,1101992,XOÀI TỨ QUÝ,KG,3.0,2.82,0.18,0.18,CO HINH (1 anh),1,https://s3.kingfood.co/double-check/scaled_ecec47b5-63a9-4002-9de2-9eec5ef334786016068592620116980.jpg,tn,hình kdb
231,08/23/2026,A223,KFM_HCM_PNH - 29 Đặng Văn Ngữ,PT1707367,A,TO246149,1102035,MẬN ĐÁ ĐƯỜNG,KG,4.0,3.78,0.22,0.22,CO HINH (1 anh),1,https://s3.kingfood.co/double-check/scaled_6406c9a3-94d6-4d85-93c9-52d286e909691190637873146846170.jpg,tn,hình kdb
232,08/23/2026,A224,KFM_HCM_GVA - 8 Nguyễn Văn Dung,PT1707387,A,TO246208,1100917,BÍ ĐỎ TRÒN,KG,6.6,6.56,0.04,0.04,CO HINH (1 anh),1,https://s3.kingfood.co/double-check/scaled_e8f44bb0-b07d-4016-8729-b05cd4e3ad641387058731404368323.jpg,tn,hình kdb
233,08/23/2026,A224,KFM_HCM_GVA - 8 Nguyễn Văn Dung,PT1707387,A,TO246208,1101003,DƯA HẤU KHÔNG HẠT,KG,10.7,10.64,0.06,0.06,CO HINH (1 anh),1,https://s3.kingfood.co/double-check/scaled_e43c160e-8aae-4fc4-b48a-ba97bf197841496612363780297142.jpg,tn,hình kdb
234,08/23/2026,A225,KFM_HCM_TDU - 96K Đường Số 12 Tam Bình,PT1707403,A,TO245979,1102035,MẬN ĐÁ ĐƯỜNG,KG,4.0,3.96,0.04,0.04,CHUA CO HINH,0,,tn,Thiếu hình
235,08/23/2026,A229,KFM_HCM_TPH - 58 Nguyễn Hữu Tiến,PT1707291,A,TO246120,1100816,DƯA HẤU RUỘT ĐỎ,KG,29.5,29.28,0.22,0.22,CO HINH (1 anh),1,https://s3.kingfood.co/double-check/scaled_2cfdd2d8-4257-4b9a-b35b-ef045cbe47512368914601281180140.jpg,tn,hình kdb
236,08/23/2026,A229,KFM_HCM_TPH - 58 Nguyễn Hữu Tiến,PT1707291,A,TO246120,1101003,DƯA HẤU KHÔNG HẠT,KG,12.3,12.26,0.04,0.04,CO HINH (1 anh),1,https://s3.kingfood.co/double-check/scaled_b2d6f5bb-2273-45d3-a54b-73282fba2f1a3437004232818245924.jpg,tn,hình kdb
237,08/23/2026,A233,KFM_BDU_TAN - TDH03 New Lavida Tân Đông Hiệp,PT1707287,A,TO246086,1101366,BÔNG CẢI XANH ĐÀ LẠT  (KG),KG,4.1,3.9,0.2,0.2,CO HINH (1 anh),1,https://s3.kingfood.co/double-check/image_picker_DC9B13C8-37C2-4087-B7FA-2181303B48BA-66442-000011742E6F08CE.jpg,tn 3.9,hình kdb
238,08/23/2026,A235,KFM_HCM_TBI - 44 Thăng Long,PT1707395,A,TO246089,1100816,DƯA HẤU RUỘT ĐỎ,KG,15.1,14.76,0.34,0.34,CO HINH (1 anh),1,https://s3.kingfood.co/double-check/scaled_eddd6d71-1207-4da6-b1b3-da3be389c4227239866728490107651.jpg,tn ,hình kdb
239,08/23/2026,A235,KFM_HCM_TBI - 44 Thăng Long,PT1707395,A,TO246089,1100917,BÍ ĐỎ TRÒN,KG,7.9,7.86,0.04,0.04,CO HINH (1 anh),1,https://s3.kingfood.co/double-check/scaled_4b620554-21ef-40df-bcd9-32b6f3325487152158124924002421.jpg,tn ,hình kdb
240,08/23/2026,A235,KFM_HCM_TBI - 44 Thăng Long,PT1707395,A,TO246089,1101116,DỨA  MD2,KG,7.7,7.4,0.3,0.3,CO HINH (1 anh),1,https://s3.kingfood.co/double-check/scaled_3d00959b-da59-433c-9ed1-fc5f7e50120b8809107918873080118.jpg,tn ,hình kdb
241,08/23/2026,A235,KFM_HCM_TBI - 44 Thăng Long,PT1707395,A,TO246089,1101366,BÔNG CẢI XANH ĐÀ LẠT  (KG),KG,4.0,3.88,0.12,0.12,CO HINH (1 anh),1,https://s3.kingfood.co/double-check/scaled_27124da6-6fb5-44d9-82e5-22244a8d98c32262922203786943264.jpg,tn ,hình kdb
242,08/23/2026,A236,KFM_HCM_Q12 - 45F1 Đường DN5 KDC An Sương,PT1707355,A,TO246356,1101055,DƯA LÊ TRẮNG,KG,3.0,2.99,0.015,0.015,CHUA CO HINH,0,,tn,Thiếu hình
243,08/23/2026,A236,KFM_HCM_Q12 - 45F1 Đường DN5 KDC An Sương,PT1707355,A,TO246356,1101318,MẬN AN PHƯỚC,KG,4.1,4.0,0.1,0.1,CHUA CO HINH,0,,tn,Thiếu hình
244,08/23/2026,A240,KFM_HCM_TDU - S02.03 Vinhomes Grand Park,PT1707127,A,TO246092,1100816,DƯA HẤU RUỘT ĐỎ,KG,44.9,44.68,0.22,0.22,CHUA CO HINH,0,,tn,Thiếu hình
245,08/23/2026,A240,KFM_HCM_TDU - S02.03 Vinhomes Grand Park,PT1707127,A,TO246092,1100942,BƠ BOOTH,KG,3.0,3.0,0.005,0.005,CO HINH (1 anh),1,https://s3.kingfood.co/double-check/scaled_95d3ce29-ac85-4c41-be93-2ca4e0e32e425456774168860844041.jpg,tn,hình kdb
246,08/23/2026,A240,KFM_HCM_TDU - S02.03 Vinhomes Grand Park,PT1707127,A,TO246092,1101062,CHUỐI LABA ĐÀ LẠT,KG,20.1,20.06,0.04,0.04,CHUA CO HINH,0,,tm,Thiếu hình
247,08/23/2026,A240,KFM_HCM_TDU - S02.03 Vinhomes Grand Park,PT1707127,A,TO246092,1101116,DỨA  MD2,KG,8.3,8.18,0.12,0.12,CO HINH (1 anh),1,https://s3.kingfood.co/double-check/scaled_31ad6abc-f1d3-4492-b759-08afece593ec7232263763413481292.jpg,tn,hình kdb
248,08/23/2026,A240,KFM_HCM_TDU - S02.03 Vinhomes Grand Park,PT1707127,A,TO246092,1101305,HỒNG GIÒN MỘC CHÂU,KG,2.9,2.86,0.04,0.04,CO HINH (1 anh),1,https://s3.kingfood.co/double-check/scaled_23d3487f-f49d-482c-b78e-f573f451c5299061377214016114543.jpg,tn,hình kdb
249,08/23/2026,A240,KFM_HCM_TDU - S02.03 Vinhomes Grand Park,PT1707127,A,TO246092,1101318,MẬN AN PHƯỚC,KG,4.1,4.06,0.04,0.04,CO HINH (1 anh),1,https://s3.kingfood.co/double-check/scaled_7e52a666-ecd6-49f6-a8f8-ffd6db2f8c212144255189502119676.jpg,tn,hình kdb
250,08/23/2026,ACU,KFM_HCM_TDU - 0.01 Chung cư An Cư An Phú,PT1707370,A,TO246085,1101941,DƯA LƯỚI VỎ VÀNG RUỘT CAM,KG,13.0,12.88,0.12,0.12,CO HINH (1 anh),1,https://s3.kingfood.co/double-check/scaled_c373b65c-624e-436c-933a-75b56c8a83ff3536950734743778302.jpg,tn,hình kdb
251,08/23/2026,AKR,KFM_HCM_BTA - AK4 Akari City,PT1707222,A,TO246138,1100992,DƯA LƯỚI VỎ XANH RUỘT CAM,KG,10.1,10.06,0.04,0.04,CO HINH (1 anh),1,https://s3.kingfood.co/double-check/scaled_a8ea21ac-e2a5-44c7-a857-af9ddc14e4149200086770324668528.jpg,tn,hình kdb
252,08/23/2026,AKR,KFM_HCM_BTA - AK4 Akari City,PT1707222,A,TO246138,1101062,CHUỐI LABA ĐÀ LẠT,KG,20.1,19.84,0.26,0.26,CO HINH (2 anh),2,"https://s3.kingfood.co/double-check/scaled_216f6e23-aae0-40d6-a2ba-5ed1d5d1de121843045524193813566.jpg
https://s3.kingfood.co/double-check/scaled_56bd4420-84b1-4a40-9f71-319432f14d377800582644764322269.jpg",tn,hình kdb
253,08/23/2026,AKR,KFM_HCM_BTA - AK4 Akari City,PT1707222,A,TO246138,1101079,BƠ 034,KG,6.1,6.02,0.08,0.08,CO HINH (2 anh),2,"https://s3.kingfood.co/double-check/scaled_df10b1bf-616d-4ff8-8e07-90ee4f65f7318965667518785289630.jpg
https://s3.kingfood.co/double-check/scaled_77309436-c932-4f04-ac28-e5745e6f3d1d6274914656162410617.jpg",tn,hình kdb
254,08/23/2026,AKR,KFM_HCM_BTA - AK4 Akari City,PT1707222,A,TO246138,1101116,DỨA  MD2,KG,8.0,7.88,0.12,0.12,CO HINH (1 anh),1,https://s3.kingfood.co/double-check/scaled_1673a784-b1fc-4a97-acf5-7758ca60e42c8164301038263484581.jpg,tn,hình kdb
255,08/23/2026,AKR,KFM_HCM_BTA - AK4 Akari City,PT1707222,A,TO246138,1101305,HỒNG GIÒN MỘC CHÂU,KG,2.9,2.88,0.02,0.02,CO HINH (1 anh),1,https://s3.kingfood.co/double-check/scaled_d23f08b9-cc7a-4a29-a145-9b9a6821d1d12066411414492927049.jpg,tn,hình kdb
256,08/23/2026,AKR,KFM_HCM_BTA - AK4 Akari City,PT1707222,A,TO246138,1101318,MẬN AN PHƯỚC,KG,4.1,4.06,0.04,0.04,CO HINH (1 anh),1,https://s3.kingfood.co/double-check/scaled_fad2f4cc-8ed9-4dc2-8a07-083522c01ecb3928105907780505363.jpg,tn,hình kdb
257,08/23/2026,AKR,KFM_HCM_BTA - AK4 Akari City,PT1707222,A,TO246138,1101366,BÔNG CẢI XANH ĐÀ LẠT  (KG),KG,8.9,8.88,0.02,0.02,CO HINH (2 anh),2,"https://s3.kingfood.co/double-check/scaled_89e82cb6-7841-47aa-9bfb-546a8655d8266019080068233673223.jpg
https://s3.kingfood.co/double-check/scaled_bb0860b8-9204-4c7f-8932-28b10fa864506806063199071706340.jpg",tn,hình kdb
258,08/23/2026,AKR,KFM_HCM_BTA - AK4 Akari City,PT1707222,A,TO246138,1101941,DƯA LƯỚI VỎ VÀNG RUỘT CAM,KG,12.2,12.08,0.12,0.12,CO HINH (1 anh),1,https://s3.kingfood.co/double-check/scaled_9ef159f2-8fb4-47cd-b0be-46011ce1b4563046079747589620713.jpg,tn,hình kdb
259,08/23/2026,AKR,KFM_HCM_BTA - AK4 Akari City,PT1707222,A,TO246138,1101992,XOÀI TỨ QUÝ,KG,6.0,5.98,0.02,0.02,CO HINH (1 anh),1,https://s3.kingfood.co/double-check/scaled_d0eeea76-d0d1-4ec4-8ce6-69078996f3181019755548042639353.jpg,tn,hình kdb
260,08/23/2026,AV4,KFM_HCM_TDU - SAV_04-00.03 The Sun Avenue,PT1707226,A,TO246292,1100816,DƯA HẤU RUỘT ĐỎ,KG,15.6,15.48,0.12,0.12,CO HINH (1 anh),1,https://s3.kingfood.co/double-check/scaled_be2faf88-97b1-403f-88ca-20b7c566433b7931269074528663073.jpg,tn,hình kdb
261,08/23/2026,AV4,KFM_HCM_TDU - SAV_04-00.03 The Sun Avenue,PT1707226,A,TO246292,1100867,BƯỞI DA XANH LOẠI 1,KG,11.4,11.24,0.16,0.16,CO HINH (1 anh),1,https://s3.kingfood.co/double-check/scaled_d48cb0b1-a843-42d7-9978-ff7b9c7cf5b41658721991977787060.jpg,tn,hình kdb
262,08/23/2026,AV4,KFM_HCM_TDU - SAV_04-00.03 The Sun Avenue,PT1707226,A,TO246292,1100942,BƠ BOOTH,KG,6.0,5.98,0.02,0.02,CO HINH (1 anh),1,https://s3.kingfood.co/double-check/scaled_58ab2147-177f-4da8-877f-2ed87f1e80133524063252484323705.jpg,tn,hình kdb
263,08/23/2026,AV4,KFM_HCM_TDU - SAV_04-00.03 The Sun Avenue,PT1707226,A,TO246292,1101003,DƯA HẤU KHÔNG HẠT,KG,14.1,13.26,0.84,0.84,CO HINH (1 anh),1,https://s3.kingfood.co/double-check/scaled_3dab58b2-91e5-404c-918f-8f902318239b4331262953002660984.jpg,tn,hình kdb
264,08/23/2026,AV4,KFM_HCM_TDU - SAV_04-00.03 The Sun Avenue,PT1707226,A,TO246292,1101079,BƠ 034,KG,9.1,9.06,0.04,0.04,CO HINH (3 anh),3,"https://s3.kingfood.co/double-check/scaled_974891df-2686-4acb-925d-2d98fa1d953f4056288792247011400.jpg
https://s3.kingfood.co/double-check/scaled_ff6f49bc-1a0c-4ce1-ba82-24242d6b28ac6459663990396228627.jpg
https://s3.kingfood.co/double-check/scaled_2d5f2249-69ae-4178-acd0-3d0ad2e76457804459711302981486.jpg",tn,hình kdb
265,08/23/2026,AV4,KFM_HCM_TDU - SAV_04-00.03 The Sun Avenue,PT1707226,A,TO246292,1101116,DỨA  MD2,KG,25.2,25.0,0.2,0.2,CO HINH (3 anh),3,"https://s3.kingfood.co/double-check/scaled_6229923c-fcce-4cb2-8c2d-e8e2c447cd2588929032127999790.jpg
https://s3.kingfood.co/double-check/scaled_b40611d3-caf1-463c-962c-ed3a67dbc3eb8148740297855220996.jpg
https://s3.kingfood.co/double-check/scaled_4dbac1e6-fda9-4ef1-9e90-7637990f0af04323213722185278002.jpg",tn1,hình kdb
266,08/23/2026,AV4,KFM_HCM_TDU - SAV_04-00.03 The Sun Avenue,PT1707226,A,TO246292,1101318,MẬN AN PHƯỚC,KG,3.1,3.06,0.04,0.04,CO HINH (1 anh),1,https://s3.kingfood.co/double-check/scaled_ed359143-d6e7-4723-bc46-6e9147cca5261415958139324548817.jpg,tn,hình kdb
267,08/23/2026,BTH,KFM_HCM_BTA - 66/70 Bình Thành,PT1707323,A,TO246217,1101062,CHUỐI LABA ĐÀ LẠT,KG,10.0,9.96,0.04,0.04,CHUA CO HINH,0,,tn,Thiếu hình
268,08/23/2026,BVB,KFM_HCM_Q07 - 43 Bùi Văn Ba,PT1707322,A,TO246031,1100816,DƯA HẤU RUỘT ĐỎ,KG,27.7,27.5,0.2,0.2,CO HINH (2 anh),2,"https://s3.kingfood.co/double-check/scaled_81d72188-d0e0-4290-9517-5779bf9d23217975189714743139870.jpg
https://s3.kingfood.co/double-check/scaled_7c6da1a7-5e13-40d9-ad25-ed3faa4afc6d777189314489831885.jpg",tn,hình kdb
269,08/23/2026,BVB,KFM_HCM_Q07 - 43 Bùi Văn Ba,PT1707322,A,TO246031,1101079,BƠ 034,KG,3.1,3.06,0.04,0.04,CO HINH (1 anh),1,https://s3.kingfood.co/double-check/scaled_be95be64-cd88-4024-9c27-16496d3e712d5200266608897132943.jpg,tn,hình kdb
270,08/23/2026,BVB,KFM_HCM_Q07 - 43 Bùi Văn Ba,PT1707322,A,TO246031,1101592,SẦU RIÊNG RI6,KG,10.0,9.84,0.16,0.16,CO HINH (1 anh),1,https://s3.kingfood.co/double-check/scaled_b736fbbb-8512-4156-8947-3bc6530dca848787624454897805359.jpg,tn,hình kdb
271,08/23/2026,CKO,KFM_HCM_TPH - 85 Cây Keo,PT1707204,A,TO246235,1100816,DƯA HẤU RUỘT ĐỎ,KG,14.8,14.7,0.1,0.1,CO HINH (1 anh),1,https://s3.kingfood.co/double-check/scaled_83732b73-fba1-4f08-a028-5e10576368a58684180786257375758.jpg,tn,hình kdb
272,08/23/2026,CKO,KFM_HCM_TPH - 85 Cây Keo,PT1707204,A,TO246235,1100942,BƠ BOOTH,KG,6.0,5.98,0.02,0.02,CO HINH (1 anh),1,https://s3.kingfood.co/double-check/scaled_10dda9e8-e518-4a1b-b877-0eb87954c8175512869194052908702.jpg,t,hình kdb
273,08/23/2026,CKO,KFM_HCM_TPH - 85 Cây Keo,PT1707204,A,TO246235,1100992,DƯA LƯỚI VỎ XANH RUỘT CAM,KG,10.0,9.94,0.06,0.06,CO HINH (1 anh),1,https://s3.kingfood.co/double-check/scaled_5209d791-3ca6-4713-b721-c1e0a52f562a2457081327668425436.jpg,tn,hình kdb
274,08/23/2026,CKO,KFM_HCM_TPH - 85 Cây Keo,PT1707204,A,TO246235,1101062,CHUỐI LABA ĐÀ LẠT,KG,20.2,19.98,0.22,0.22,CO HINH (2 anh),2,"https://s3.kingfood.co/double-check/scaled_1839c5d6-e8db-4fc7-9521-8dddbb88862f6729128106183055200.jpg
https://s3.kingfood.co/double-check/scaled_73494388-6f03-4f07-bb61-6b6da40ab5032851157233600622145.jpg",tn,hình kdb
275,08/23/2026,CKO,KFM_HCM_TPH - 85 Cây Keo,PT1707204,A,TO246235,1101079,BƠ 034,KG,3.1,3.06,0.04,0.04,CO HINH (1 anh),1,https://s3.kingfood.co/double-check/scaled_dbbd217d-612e-45a4-94b1-e4f47fa563948226729985915088689.jpg,tn,hình kdb
276,08/23/2026,CKO,KFM_HCM_TPH - 85 Cây Keo,PT1707204,A,TO246235,1101318,MẬN AN PHƯỚC,KG,4.1,4.09,0.015,0.015,CO HINH (1 anh),1,https://s3.kingfood.co/double-check/scaled_74dd869b-95d9-4e5e-9868-fb3f42ec7d6c3376880356954191533.jpg,tn,hình kdb
277,08/23/2026,CKO,KFM_HCM_TPH - 85 Cây Keo,PT1707204,A,TO246235,1101941,DƯA LƯỚI VỎ VÀNG RUỘT CAM,KG,24.4,24.02,0.38,0.38,CO HINH (2 anh),2,"https://s3.kingfood.co/double-check/scaled_7fa2a709-737f-4cd3-bd3f-efd269966f1e4746105805713400926.jpg
https://s3.kingfood.co/double-check/scaled_9d3cf8e0-f396-490e-9c42-8ce4ed2b66671596883735485020776.jpg",tn,hình kdb
278,08/23/2026,CLD,KFM_HCM_TPH - S1.0.38 Block A5 Diamond Celadon City,PT1707343,A,TO246221,1100816,DƯA HẤU RUỘT ĐỎ,KG,14.5,14.46,0.04,0.04,CHUA CO HINH,0,,tn,Thiếu hình
279,08/23/2026,CLD,KFM_HCM_TPH - S1.0.38 Block A5 Diamond Celadon City,PT1707343,A,TO246221,1101003,DƯA HẤU KHÔNG HẠT,KG,32.2,31.94,0.26,0.26,CHUA CO HINH,0,,tn,Thiếu hình
280,08/23/2026,CLD,KFM_HCM_TPH - S1.0.38 Block A5 Diamond Celadon City,PT1707343,A,TO246221,1101062,CHUỐI LABA ĐÀ LẠT,KG,30.1,20.0,10.1,0.0,CHUA CO HINH,0,,tn,Thiếu hình
281,08/23/2026,CLD,KFM_HCM_TPH - S1.0.38 Block A5 Diamond Celadon City,PT1707343,A,TO246221,1101079,BƠ 034,KG,15.2,12.14,3.06,0.0,CHUA CO HINH,0,,tn,Thiếu hình
282,08/23/2026,CLD,KFM_HCM_TPH - S1.0.38 Block A5 Diamond Celadon City,PT1707343,A,TO246221,1101116,DỨA  MD2,KG,8.0,7.92,0.08,0.08,CHUA CO HINH,0,,tn,Thiếu hình
283,08/23/2026,CLD,KFM_HCM_TPH - S1.0.38 Block A5 Diamond Celadon City,PT1707343,A,TO246221,1101366,BÔNG CẢI XANH ĐÀ LẠT  (KG),KG,4.0,3.92,0.08,0.08,CHUA CO HINH,0,,tn,Thiếu hình
284,08/23/2026,CLD,KFM_HCM_TPH - S1.0.38 Block A5 Diamond Celadon City,PT1707343,A,TO246221,1101941,DƯA LƯỚI VỎ VÀNG RUỘT CAM,KG,12.8,12.7,0.1,0.1,CHUA CO HINH,0,,tn ,Thiếu hình
285,08/23/2026,CLG,KFM_HCM_TBI - 64A Cửu Long,PT1707320,A,TO246029,1101116,DỨA  MD2,KG,8.3,8.18,0.12,0.12,CO HINH (1 anh),1,https://s3.kingfood.co/double-check/scaled_1ca6f1b8-42b9-402f-848c-bab165cec0b46112101583431756364.jpg,tn,hình kdb
286,08/23/2026,CLG,KFM_HCM_TBI - 64A Cửu Long,PT1707320,A,TO246029,1101366,BÔNG CẢI XANH ĐÀ LẠT  (KG),KG,4.0,3.98,0.02,0.02,CO HINH (1 anh),1,https://s3.kingfood.co/double-check/scaled_8cc9326e-f890-496c-91b1-f6a5c9815c222539463331819437780.jpg,tn,hình kdb
287,08/23/2026,CN1,KFM_HCM_TPH - 48 CN1,PT1707393,A,TO246268,1101003,DƯA HẤU KHÔNG HẠT,KG,10.7,10.66,0.04,0.04,CO HINH (1 anh),1,https://s3.kingfood.co/double-check/scaled_9625e0d3-b1a1-4dd9-b1e0-2aee559664f13955547126911026864.jpg,tn,hình kdb
288,08/23/2026,CN1,KFM_HCM_TPH - 48 CN1,PT1707393,A,TO246268,1101302,CHUỐI GIÀ GIỐNG NAM MỸ,KG,8.0,0.0,8.0,0.0,CHUA CO HINH,0,,tn,Thiếu hình
289,08/23/2026,CN1,KFM_HCM_TPH - 48 CN1,PT1707393,A,TO246268,1101403,HỒNG GIÒN CHÍN NÊN,KG,2.0,0.0,2.0,0.0,CHUA CO HINH,0,,tn,Thiếu hình
290,08/23/2026,CN1,KFM_HCM_TPH - 48 CN1,PT1707393,A,TO246268,1102035,MẬN ĐÁ ĐƯỜNG,KG,4.0,0.0,4.0,0.0,CHUA CO HINH,0,,tn,Thiếu hình
291,08/23/2026,CTH,KFM_HCM_TDU - TMDV Citihome Cát Lái,PT1707081,A,TO246175,1100816,DƯA HẤU RUỘT ĐỎ,KG,15.1,15.0,0.1,0.1,CO HINH (1 anh),1,https://s3.kingfood.co/double-check/scaled_6aee20cf-d0da-4783-8a3e-a21ddfacdf7e6976706206099003006.jpg,,hình kdb
292,08/23/2026,D10,KFM_HCM_Q7 - 01 Đường Số 10 Tân Kiểng,PT1707080,A,TO246285,1101116,DỨA  MD2,KG,7.5,7.4,0.1,0.1,CHUA CO HINH,0,,,Thiếu hình
293,08/23/2026,DMR,KFM_HCM_Q08 - Block C Diamond Riverside,PT1707319,A,TO246167,1101941,DƯA LƯỚI VỎ VÀNG RUỘT CAM,KG,12.7,12.58,0.12,0.12,CO HINH (1 anh),1,https://s3.kingfood.co/double-check/scaled_6c798b4c-cb13-469f-afea-0b86399665484409893590803053278.jpg,tn,hình kdb
294,08/23/2026,DQH,KFM_HCM_GVA - 372 Dương Quảng Hàm,PT1707079,A,TO246178,1100816,DƯA HẤU RUỘT ĐỎ,KG,15.6,15.46,0.14,0.14,CO HINH (1 anh),1,https://s3.kingfood.co/double-check/scaled_5640fda1-9922-42b9-8a03-ba44077096c02136419052796625359.jpg,tn,hình kdb
295,08/23/2026,DQH,KFM_HCM_GVA - 372 Dương Quảng Hàm,PT1707079,A,TO246178,1100917,BÍ ĐỎ TRÒN,KG,5.5,5.46,0.04,0.04,CO HINH (1 anh),1,https://s3.kingfood.co/double-check/scaled_6c736307-8b66-4754-8032-ba1745c7d62b849661431717199791.jpg,tn,hình kdb
296,08/23/2026,DQH,KFM_HCM_GVA - 372 Dương Quảng Hàm,PT1707079,A,TO246178,1101062,CHUỐI LABA ĐÀ LẠT,KG,10.0,9.94,0.06,0.06,CO HINH (1 anh),1,https://s3.kingfood.co/double-check/scaled_8ffe94cb-d7cb-4798-8e6b-94e7cd8444fb2686502639396752996.jpg,tn,hình kdb
297,08/23/2026,DS3,KFM_HCM_TDU - 63 Đường Số 3,PT1707318,A,TO246218,1101377,BÔNG CẢI TRẮNG ĐÀ LẠT VIETGAP,KG,2.0,0.0,2.0,0.0,CHUA CO HINH,0,,tn,Thiếu hình
298,08/23/2026,DS3,KFM_HCM_TDU - 63 Đường Số 3,PT1707318,A,TO246218,1101941,DƯA LƯỚI VỎ VÀNG RUỘT CAM,KG,11.8,11.64,0.16,0.16,CO HINH (1 anh),1,https://s3.kingfood.co/double-check/scaled_1825713d-b002-4ed2-a7b6-dbce70e1ef261152924573052213840.jpg,tn,hình kdb
299,08/23/2026,DS7,KFM_HCM_BTA - 99 Đường Số 7,PT1707317,A,TO246122,1101062,CHUỐI LABA ĐÀ LẠT,KG,10.0,9.94,0.06,0.06,CO HINH (1 anh),1,https://s3.kingfood.co/double-check/scaled_ed7b39a2-097d-47a7-8894-cbc268b9d2fc5181935169156156938.jpg,,hình kdb
300,08/23/2026,DS7,KFM_HCM_BTA - 99 Đường Số 7,PT1707317,A,TO246122,1101079,BƠ 034,KG,6.1,6.02,0.08,0.08,CO HINH (1 anh),1,https://s3.kingfood.co/double-check/scaled_bc9643f9-a5e7-4e1d-b868-868c504896734354973260996020805.jpg,,hình kdb
301,08/23/2026,DS7,KFM_HCM_BTA - 99 Đường Số 7,PT1707317,A,TO246122,1101592,SẦU RIÊNG RI6,KG,10.3,10.06,0.24,0.24,CO HINH (1 anh),1,https://s3.kingfood.co/double-check/scaled_f76d6544-9af3-45d9-abd9-0c634e2209b31219153401595208094.jpg,,hình kdb
302,08/23/2026,EH3,KFM_HCM_BTA - A10-0.02 Ehome 3,PT1707078,A,TO245962,1100816,DƯA HẤU RUỘT ĐỎ,KG,15.2,15.1,0.1,0.1,CO HINH (1 anh),1,https://s3.kingfood.co/double-check/scaled_659be60e-d59f-4b77-a31a-a178d9749638998169741509330896.jpg,thiếu kg,hình kdb
303,08/23/2026,EHS,KFM_HCM_TDU - A0.01 EHomeS Phú Hữu,PT1707187,A,TO246199,1100816,DƯA HẤU RUỘT ĐỎ,KG,31.4,31.22,0.18,0.18,CO HINH (1 anh),1,https://s3.kingfood.co/double-check/scaled_f008bdcc-d8a8-4410-b5c2-a57df55ddf2b2458720453067517022.jpg,tn,hình kdb
304,08/23/2026,EHS,KFM_HCM_TDU - A0.01 EHomeS Phú Hữu,PT1707187,A,TO246199,1100992,DƯA LƯỚI VỎ XANH RUỘT CAM,KG,10.1,10.04,0.06,0.06,CO HINH (1 anh),1,https://s3.kingfood.co/double-check/scaled_93a59172-4af1-4695-a161-69d2b095f9e3400246495847821415.jpg,tn,hình kdb
305,08/23/2026,EHS,KFM_HCM_TDU - A0.01 EHomeS Phú Hữu,PT1707187,A,TO246199,1101366,BÔNG CẢI XANH ĐÀ LẠT  (KG),KG,4.1,3.9,0.2,0.2,CO HINH (1 anh),1,https://s3.kingfood.co/double-check/scaled_187a6e76-c3aa-4003-b365-3274102af0a14026151115822172285.jpg,tn,hình kdb
306,08/23/2026,EMR,KFM_BDU_TAN - Block A Emerald Golf View,PT1707190,A,TO246004,1100271,XOÀI CÁT CHU VÀNG,KG,3.1,3.06,0.045,0.045,CO HINH (1 anh),1,https://s3.kingfood.co/double-check/image_picker_4C370E1D-A2B7-4AEB-B752-963C6D15B3AE-33902-00000980DCFB19A1.jpg,tn,hình kdb
307,08/23/2026,EMR,KFM_BDU_TAN - Block A Emerald Golf View,PT1707190,A,TO246004,1100816,DƯA HẤU RUỘT ĐỎ,KG,14.7,14.64,0.06,0.06,CO HINH (1 anh),1,https://s3.kingfood.co/double-check/image_picker_7A28EDB3-BEB6-4F2D-8D13-10F4132A755B-33902-0000098166248718.jpg,tn,hình kdb
308,08/23/2026,EMR,KFM_BDU_TAN - Block A Emerald Golf View,PT1707190,A,TO246004,1101062,CHUỐI LABA ĐÀ LẠT,KG,10.1,10.06,0.04,0.04,CO HINH (1 anh),1,https://s3.kingfood.co/double-check/image_picker_9F437D49-0DE4-4711-95D1-9ABF45FEA8A0-33902-00000981C47C8A4C.jpg,tn,hình kdb
309,08/23/2026,EMR,KFM_BDU_TAN - Block A Emerald Golf View,PT1707190,A,TO246004,1101116,DỨA  MD2,KG,8.1,7.96,0.14,0.14,CO HINH (1 anh),1,https://s3.kingfood.co/double-check/image_picker_10872CF8-FC3B-4E2C-B14A-2C432EFB87FF-33902-00000981A5696DD8.jpg,tn,hình kdb
310,08/23/2026,EMR,KFM_BDU_TAN - Block A Emerald Golf View,PT1707190,A,TO246004,1101812,DƯA HẤU GIỐNG MỸ,KG,15.0,14.94,0.06,0.06,CO HINH (1 anh),1,https://s3.kingfood.co/double-check/image_picker_7BC847C8-5AFB-4918-B259-C5C61624CEF3-33902-00000981E6D93F29.jpg,tn,hình kdb
311,08/23/2026,ERT,KFM_HCM_Q07 - 0105 B4 Era Town,PT1707214,A,TO246299,1100816,DƯA HẤU RUỘT ĐỎ,KG,30.8,30.66,0.14,0.14,CO HINH (2 anh),2,"https://s3.kingfood.co/double-check/scaled_e1d4947a-b4ab-4ed1-ab63-9a30f8109e783348704639062438715.jpg
https://s3.kingfood.co/double-check/scaled_6a06af90-c98b-47ac-a67a-cd41ad171b6e4443101388604878943.jpg",,hình kdb
312,08/23/2026,ERT,KFM_HCM_Q07 - 0105 B4 Era Town,PT1707214,A,TO246299,1101003,DƯA HẤU KHÔNG HẠT,KG,10.0,9.9,0.1,0.1,CO HINH (1 anh),1,https://s3.kingfood.co/double-check/scaled_1263b6e7-7e5a-462e-972d-5c0224c5ba8f2546022611414431056.jpg,,hình kdb
313,08/23/2026,ERT,KFM_HCM_Q07 - 0105 B4 Era Town,PT1707214,A,TO246299,1101062,CHUỐI LABA ĐÀ LẠT,KG,10.0,9.94,0.06,0.06,CHUA CO HINH,0,,,Thiếu hình
314,08/23/2026,ERT,KFM_HCM_Q07 - 0105 B4 Era Town,PT1707214,A,TO246299,1101079,BƠ 034,KG,6.0,5.96,0.04,0.04,CHUA CO HINH,0,,,Thiếu hình
315,08/23/2026,ERT,KFM_HCM_Q07 - 0105 B4 Era Town,PT1707214,A,TO246299,1101366,BÔNG CẢI XANH ĐÀ LẠT  (KG),KG,12.2,12.0,0.2,0.2,CHUA CO HINH,0,,,Thiếu hình
316,08/23/2026,ERT,KFM_HCM_Q07 - 0105 B4 Era Town,PT1707214,A,TO246299,1101377,BÔNG CẢI TRẮNG ĐÀ LẠT VIETGAP,KG,2.2,2.14,0.065,0.065,CHUA CO HINH,0,,,Thiếu hình
317,08/23/2026,ERT,KFM_HCM_Q07 - 0105 B4 Era Town,PT1707214,A,TO246299,1101812,DƯA HẤU GIỐNG MỸ,KG,13.5,13.36,0.14,0.14,CO HINH (1 anh),1,https://s3.kingfood.co/double-check/scaled_967423bd-c339-4f10-a2ed-f06a82a6afd21372379247305239066.jpg,,hình kdb
318,08/23/2026,ERT,KFM_HCM_Q07 - 0105 B4 Era Town,PT1707214,A,TO246299,1101941,DƯA LƯỚI VỎ VÀNG RUỘT CAM,KG,11.8,11.68,0.12,0.12,CHUA CO HINH,0,,,Thiếu hình
319,08/23/2026,ERT,KFM_HCM_Q07 - 0105 B4 Era Town,PT1707214,A,TO246299,1101991,LÊ ĐƯỜNG HÀ GIANG,KG,4.0,3.97,0.035,0.035,CO HINH (1 anh),1,https://s3.kingfood.co/double-check/scaled_7e9d5e07-cc3b-4d9c-ac6e-38c12a8e4c935309241597993817468.jpg,,hình kdb
320,08/23/2026,GDU,KFM_HCM_TPH - 116 Gò Dầu,PT1707076,A,TO246126,1100816,DƯA HẤU RUỘT ĐỎ,KG,15.5,15.38,0.12,0.12,CO HINH (1 anh),1,https://s3.kingfood.co/double-check/scaled_c1358a2b-10fa-4f58-bdff-694c6b6e0b865674052380250399052.jpg,tn,hình kdb
321,08/23/2026,GDU,KFM_HCM_TPH - 116 Gò Dầu,PT1707076,A,TO246126,1101062,CHUỐI LABA ĐÀ LẠT,KG,10.0,9.94,0.06,0.06,CO HINH (1 anh),1,https://s3.kingfood.co/double-check/scaled_2429937f-53b0-4391-b815-298cacb6c0786462778173833692262.jpg,tn,hình kdb
322,08/23/2026,GDU,KFM_HCM_TPH - 116 Gò Dầu,PT1707076,A,TO246126,1101366,BÔNG CẢI XANH ĐÀ LẠT  (KG),KG,8.1,7.98,0.12,0.12,CO HINH (1 anh),1,https://s3.kingfood.co/double-check/scaled_8168ed7b-8247-4380-9035-f5b7e8a89f197977988917026710836.jpg,tn,hình kdb
323,08/23/2026,GDU,KFM_HCM_TPH - 116 Gò Dầu,PT1707076,A,TO246126,1101992,XOÀI TỨ QUÝ,KG,3.0,2.97,0.03,0.03,CO HINH (1 anh),1,https://s3.kingfood.co/double-check/scaled_8b79eb8a-9060-466b-b92d-b845808887b18715896467245762041.jpg,tn,hình kdb
324,08/23/2026,GHA,KFM_HCM_TDU - The Art Gia Hòa,PT1707354,A,TO246198,1100992,DƯA LƯỚI VỎ XANH RUỘT CAM,KG,20.2,20.04,0.16,0.16,CO HINH (1 anh),1,https://s3.kingfood.co/double-check/scaled_b5148856-6dac-4ac5-8f43-12e80c4486241081063427158541620.jpg,tn 20.04,hình kdb
325,08/23/2026,GHA,KFM_HCM_TDU - The Art Gia Hòa,PT1707354,A,TO246198,1101062,CHUỐI LABA ĐÀ LẠT,KG,20.1,19.3,0.8,0.8,CO HINH (1 anh),1,https://s3.kingfood.co/double-check/scaled_58d1d6a9-463f-4619-b7fe-3443fb5e21e14988703813563071518.jpg,tn 19.3,hình kdb
326,08/23/2026,GHA,KFM_HCM_TDU - The Art Gia Hòa,PT1707354,A,TO246198,1101366,BÔNG CẢI XANH ĐÀ LẠT  (KG),KG,12.2,12.12,0.08,0.08,CO HINH (1 anh),1,https://s3.kingfood.co/double-check/scaled_c8c2bdad-93f6-43f1-badb-50adafd5ce103762456083536030389.jpg,tn 12.12,hình kdb
327,08/23/2026,HHG,KFM_HCM_Q10 - 103 Hòa Hưng,PT1707075,A,TO246171,1100816,DƯA HẤU RUỘT ĐỎ,KG,15.1,10.88,4.22,0.0,CO HINH (1 anh),1,https://s3.kingfood.co/double-check/scaled_df5160c3-a0b6-4a3a-829b-a31bd845b2b9664722954369672367.jpg,tn,hình kdb
328,08/23/2026,HHG,KFM_HCM_Q10 - 103 Hòa Hưng,PT1707075,A,TO246171,1100867,BƯỞI DA XANH LOẠI 1,KG,6.1,5.72,0.385,0.385,CO HINH (1 anh),1,https://s3.kingfood.co/double-check/scaled_fc4399ee-7b30-4707-9841-777541af836f5763211792155784724.jpg,tn,hình kdb
329,08/23/2026,HHG,KFM_HCM_Q10 - 103 Hòa Hưng,PT1707075,A,TO246171,1100942,BƠ BOOTH,KG,6.0,5.91,0.09,0.09,CO HINH (1 anh),1,https://s3.kingfood.co/double-check/scaled_ed861bb0-924e-4c3c-baca-55647509db0f4386042178894133645.jpg,tn,hình kdb
330,08/23/2026,HHG,KFM_HCM_Q10 - 103 Hòa Hưng,PT1707075,A,TO246171,1100992,DƯA LƯỚI VỎ XANH RUỘT CAM,KG,10.1,9.08,1.02,0.0,CO HINH (1 anh),1,https://s3.kingfood.co/double-check/scaled_bd31e13c-260d-4aee-ba1b-d04e33b898282299553812210301369.jpg,tn,hình kdb
331,08/23/2026,HHG,KFM_HCM_Q10 - 103 Hòa Hưng,PT1707075,A,TO246171,1101062,CHUỐI LABA ĐÀ LẠT,KG,10.0,8.2,1.805,0.0,CO HINH (1 anh),1,https://s3.kingfood.co/double-check/scaled_26237f55-dbcf-4b45-9727-a8a6343ba31e5165020807419610531.jpg,tn,hình kdb
332,08/23/2026,HHG,KFM_HCM_Q10 - 103 Hòa Hưng,PT1707075,A,TO246171,1101366,BÔNG CẢI XANH ĐÀ LẠT  (KG),KG,4.0,3.76,0.24,0.24,CO HINH (1 anh),1,https://s3.kingfood.co/double-check/scaled_c336f042-592e-46a5-9a53-5d6fd2f953836134809507472550212.jpg,tn,hình kdb
333,08/23/2026,HHG,KFM_HCM_Q10 - 103 Hòa Hưng,PT1707075,A,TO246171,1101403,HỒNG GIÒN CHÍN NÊN,KG,4.0,3.75,0.25,0.25,CO HINH (1 anh),1,https://s3.kingfood.co/double-check/scaled_a4210cd0-accc-4940-9fdf-a293ce9c2eb2873008963420675390.jpg,tn,hình kdb
334,08/23/2026,HHG,KFM_HCM_Q10 - 103 Hòa Hưng,PT1707075,A,TO246171,1101941,DƯA LƯỚI VỎ VÀNG RUỘT CAM,KG,24.6,22.08,2.52,0.0,CO HINH (1 anh),1,https://s3.kingfood.co/double-check/scaled_263b7f2a-cf87-4f51-9b38-a1d0662543a62078575188473973856.jpg,tn,hình kdb
335,08/23/2026,HHG,KFM_HCM_Q10 - 103 Hòa Hưng,PT1707075,A,TO246171,1101991,LÊ ĐƯỜNG HÀ GIANG,KG,4.0,3.56,0.445,0.445,CO HINH (1 anh),1,https://s3.kingfood.co/double-check/scaled_8c07b81a-a3f3-4846-80bf-cfd206336ea36968405527236525913.jpg,tn,hình kdb
336,08/23/2026,HHG,KFM_HCM_Q10 - 103 Hòa Hưng,PT1707075,A,TO246171,1102035,MẬN ĐÁ ĐƯỜNG,KG,4.0,3.85,0.15,0.15,CHUA CO HINH,0,,tn,Thiếu hình
337,08/23/2026,HHM,KFM_HCM_TBI - 165 Hoàng Hoa Thám,PT1707198,A,TO246159,1100816,DƯA HẤU RUỘT ĐỎ,KG,14.4,14.34,0.06,0.06,CO HINH (1 anh),1,https://s3.kingfood.co/double-check/scaled_b2dd6ffa-1b17-4340-880b-00c0fe9a10676522273489204275789.jpg,,hình kdb
338,08/23/2026,HHM,KFM_HCM_TBI - 165 Hoàng Hoa Thám,PT1707198,A,TO246159,1100917,BÍ ĐỎ TRÒN,KG,4.9,4.87,0.03,0.03,CO HINH (1 anh),1,https://s3.kingfood.co/double-check/scaled_fa1b9b88-615a-4815-b627-9432a7046c7c7004791990196196113.jpg,,hình kdb
339,08/23/2026,HHM,KFM_HCM_TBI - 165 Hoàng Hoa Thám,PT1707198,A,TO246159,1101003,DƯA HẤU KHÔNG HẠT,KG,10.7,10.58,0.12,0.12,CO HINH (1 anh),1,https://s3.kingfood.co/double-check/scaled_7f7f2be1-60be-4d5e-af13-2d876a5918972057636450743850816.jpg,,hình kdb
340,08/23/2026,HHM,KFM_HCM_TBI - 165 Hoàng Hoa Thám,PT1707198,A,TO246159,1101592,SẦU RIÊNG RI6,KG,10.0,9.82,0.18,0.18,CO HINH (1 anh),1,https://s3.kingfood.co/double-check/scaled_e86cf646-b20b-4457-a3c7-bbc04a4a71b71661857410489749443.jpg,,hình kdb
341,08/23/2026,HLR,KFM_HCM_Q07 - Block A Himlam Riverside Q7,PT1707211,A,TO246022,1100816,DƯA HẤU RUỘT ĐỎ,KG,30.4,30.14,0.26,0.26,CHUA CO HINH,0,,tn,Thiếu hình
342,08/23/2026,HLR,KFM_HCM_Q07 - Block A Himlam Riverside Q7,PT1707211,A,TO246022,1101062,CHUỐI LABA ĐÀ LẠT,KG,20.2,19.98,0.22,0.22,CHUA CO HINH,0,,tn,Thiếu hình
343,08/23/2026,HLR,KFM_HCM_Q07 - Block A Himlam Riverside Q7,PT1707211,A,TO246022,1101079,BƠ 034,KG,6.2,6.16,0.04,0.04,CHUA CO HINH,0,,tn,Thiếu hình
344,08/23/2026,HLR,KFM_HCM_Q07 - Block A Himlam Riverside Q7,PT1707211,A,TO246022,1101116,DỨA  MD2,KG,7.8,7.78,0.02,0.02,CHUA CO HINH,0,,tn,Thiếu hình
345,08/23/2026,HLR,KFM_HCM_Q07 - Block A Himlam Riverside Q7,PT1707211,A,TO246022,1101302,CHUỐI GIÀ GIỐNG NAM MỸ,KG,16.0,15.76,0.24,0.24,CHUA CO HINH,0,,tn,Thiếu hình
346,08/23/2026,HLR,KFM_HCM_Q07 - Block A Himlam Riverside Q7,PT1707211,A,TO246022,1101941,DƯA LƯỚI VỎ VÀNG RUỘT CAM,KG,12.6,12.48,0.12,0.12,CHUA CO HINH,0,,tn,Thiếu hình
347,08/23/2026,HMN,KFM_HCM_TBI - Block C Harmona,PT1707316,A,TO246177,1100816,DƯA HẤU RUỘT ĐỎ,KG,15.8,15.64,0.16,0.16,CO HINH (1 anh),1,https://s3.kingfood.co/double-check/scaled_5cb25d83-42a8-4d91-8eca-c9cf1e5448d54890633456807365944.jpg,tn,hình kdb
348,08/23/2026,HMN,KFM_HCM_TBI - Block C Harmona,PT1707316,A,TO246177,1101062,CHUỐI LABA ĐÀ LẠT,KG,10.1,9.22,0.88,0.0,CO HINH (1 anh),1,https://s3.kingfood.co/double-check/scaled_cf7ec750-8f4c-4bc4-bbfc-a8d84f4d8ee01193848876647025134.jpg,tn,hình kdb
349,08/23/2026,HMN,KFM_HCM_TBI - Block C Harmona,PT1707316,A,TO246177,1101941,DƯA LƯỚI VỎ VÀNG RUỘT CAM,KG,12.5,12.38,0.12,0.12,CO HINH (1 anh),1,https://s3.kingfood.co/double-check/scaled_52e670d9-94c0-49e1-8b9d-736863f43ba85148959743129513053.jpg,tn,hình kdb
350,08/23/2026,HNG,KFM_HCM_Q12 - Block B1 Hưng Ngân Garden,PT1707074,A,TO246288,1100816,DƯA HẤU RUỘT ĐỎ,KG,15.0,14.92,0.08,0.08,CO HINH (1 anh),1,https://s3.kingfood.co/double-check/scaled_d79c078b-da6f-4d06-89e1-7a82a28ddbc31199747906049370095.jpg,,hình kdb
351,08/23/2026,HNN,KFM_HCM_Q08 - 296 Hoàng Ngân,PT1707073,A,TO246102,1100816,DƯA HẤU RUỘT ĐỎ,KG,15.5,15.4,0.1,0.1,CO HINH (1 anh),1,https://s3.kingfood.co/double-check/scaled_45b6d3b8-5f0e-47b8-9d8e-f8fad5555ec14246718315575381673.jpg,tn,hình kdb
352,08/23/2026,HNN,KFM_HCM_Q08 - 296 Hoàng Ngân,PT1707073,A,TO246102,1101079,BƠ 034,KG,3.0,2.96,0.045,0.045,CO HINH (1 anh),1,https://s3.kingfood.co/double-check/scaled_07ebf6ac-f6df-45ef-be5a-577d1610e793108469510461265130.jpg,tn,hình kdb
353,08/23/2026,HTC,KFM_HCM_Q03 - 14 Huỳnh Tịnh Của,PT1707213,A,TO246310,1101592,SẦU RIÊNG RI6,KG,20.2,17.4,2.8,0.0,CHUA CO HINH,0,,tn,Thiếu hình
354,08/23/2026,HTN,KFM_HCM_TDU - 17 Hồ Thị Nhung,PT1707284,A,TO246185,1100816,DƯA HẤU RUỘT ĐỎ,KG,30.9,30.56,0.34,0.34,CO HINH (2 anh),2,"https://s3.kingfood.co/double-check/scaled_da27bafd-2c83-4af2-a76a-46068eb6d11b6996855122323311875.jpg
https://s3.kingfood.co/double-check/scaled_b70983a1-a48a-49d3-bfa3-bae0beba11fa5017008575621851754.jpg",,hình kdb
355,08/23/2026,HTN,KFM_HCM_TDU - 17 Hồ Thị Nhung,PT1707284,A,TO246185,1101366,BÔNG CẢI XANH ĐÀ LẠT  (KG),KG,4.3,4.22,0.08,0.08,CO HINH (1 anh),1,https://s3.kingfood.co/double-check/scaled_8dc99045-c8ce-44db-afa9-2abb1b0560337478829022366016076.jpg,,hình kdb
356,08/23/2026,HTN,KFM_HCM_TDU - 17 Hồ Thị Nhung,PT1707284,A,TO246185,1101941,DƯA LƯỚI VỎ VÀNG RUỘT CAM,KG,25.7,25.54,0.16,0.16,CO HINH (1 anh),1,https://s3.kingfood.co/double-check/scaled_0347a7ef-daa0-4039-8710-4b773b127b623678606616317770894.jpg,,hình kdb
357,08/23/2026,HTP,KFM_HCM_Q07 - 571 Huỳnh Tấn Phát,PT1707217,A,TO246162,1100816,DƯA HẤU RUỘT ĐỎ,KG,29.8,29.7,0.1,0.1,CO HINH (1 anh),1,https://s3.kingfood.co/double-check/scaled_c6ce5a89-24d4-4f7d-8eb5-2097e3110a822403398150646284058.jpg,,hình kdb
358,08/23/2026,HTP,KFM_HCM_Q07 - 571 Huỳnh Tấn Phát,PT1707217,A,TO246162,1100992,DƯA LƯỚI VỎ XANH RUỘT CAM,KG,10.1,10.0,0.1,0.1,CO HINH (1 anh),1,https://s3.kingfood.co/double-check/scaled_12bc3b12-21be-4959-af2f-bb567266aaa52542254583928394113.jpg,,hình kdb
359,08/23/2026,HTP,KFM_HCM_Q07 - 571 Huỳnh Tấn Phát,PT1707217,A,TO246162,1101003,DƯA HẤU KHÔNG HẠT,KG,11.6,11.55,0.05,0.05,CO HINH (1 anh),1,https://s3.kingfood.co/double-check/scaled_d6ca8a67-50ce-470b-875b-1dc7ea96e7814871855711817905402.jpg,,hình kdb
360,08/23/2026,HTP,KFM_HCM_Q07 - 571 Huỳnh Tấn Phát,PT1707217,A,TO246162,1101062,CHUỐI LABA ĐÀ LẠT,KG,10.1,10.0,0.1,0.1,CO HINH (1 anh),1,https://s3.kingfood.co/double-check/scaled_32c01702-9f69-43ed-b43d-cea2355bc2563899779369323644287.jpg,,hình kdb
361,08/23/2026,HTP,KFM_HCM_Q07 - 571 Huỳnh Tấn Phát,PT1707217,A,TO246162,1101116,DỨA  MD2,KG,8.1,7.95,0.15,0.15,CO HINH (1 anh),1,https://s3.kingfood.co/double-check/scaled_cac375f8-324b-4313-bc63-10bdd7e8017d908976582318929213.jpg,,hình kdb
362,08/23/2026,HTP,KFM_HCM_Q07 - 571 Huỳnh Tấn Phát,PT1707217,A,TO246162,1101366,BÔNG CẢI XANH ĐÀ LẠT  (KG),KG,3.2,3.15,0.05,0.05,CO HINH (1 anh),1,https://s3.kingfood.co/double-check/scaled_56b89cce-89a5-43cc-a74d-ec6c2f3ca3c47676626597628537965.jpg,,hình kdb
363,08/23/2026,HTP,KFM_HCM_Q07 - 571 Huỳnh Tấn Phát,PT1707217,A,TO246162,1101941,DƯA LƯỚI VỎ VÀNG RUỘT CAM,KG,12.0,11.9,0.1,0.1,CO HINH (1 anh),1,https://s3.kingfood.co/double-check/scaled_dba7afb3-a645-4dd5-be92-6404f1b0fe604432469256155878142.jpg,,hình kdb
364,08/23/2026,HV2,KFM_HCM_Q07 - R13 Hưng Vượng 2,PT1707353,A,TO246323,1101003,DƯA HẤU KHÔNG HẠT,KG,10.4,10.36,0.04,0.04,CHUA CO HINH,0,,tn ,Thiếu hình
365,08/23/2026,HV2,KFM_HCM_Q07 - R13 Hưng Vượng 2,PT1707353,A,TO246323,1101062,CHUỐI LABA ĐÀ LẠT,KG,10.1,10.04,0.06,0.06,CHUA CO HINH,0,,tn,Thiếu hình
366,08/23/2026,HV2,KFM_HCM_Q07 - R13 Hưng Vượng 2,PT1707353,A,TO246323,1101366,BÔNG CẢI XANH ĐÀ LẠT  (KG),KG,4.1,3.96,0.14,0.14,CHUA CO HINH,0,,tn,Thiếu hình
367,08/23/2026,HV2,KFM_HCM_Q07 - R13 Hưng Vượng 2,PT1707353,A,TO246323,1101941,DƯA LƯỚI VỎ VÀNG RUỘT CAM,KG,12.1,12.04,0.06,0.06,CHUA CO HINH,0,,tn,Thiếu hình
368,08/23/2026,IAP,KFM_HCM_TDU - Block B Imperia An Phú,PT1707215,A,TO246239,1100816,DƯA HẤU RUỘT ĐỎ,KG,45.5,45.38,0.12,0.12,CO HINH (1 anh),1,https://s3.kingfood.co/double-check/scaled_ad2c9ae9-2b6e-4ddd-954b-4f00caf7a9fc6226283274725095001.jpg,tn,hình kdb
369,08/23/2026,IAP,KFM_HCM_TDU - Block B Imperia An Phú,PT1707215,A,TO246239,1100992,DƯA LƯỚI VỎ XANH RUỘT CAM,KG,10.1,9.98,0.12,0.12,CO HINH (1 anh),1,https://s3.kingfood.co/double-check/scaled_217c0a2f-b038-499f-be78-833424a5b2a07754260845408562182.jpg,tn,hình kdb
370,08/23/2026,IAP,KFM_HCM_TDU - Block B Imperia An Phú,PT1707215,A,TO246239,1101003,DƯA HẤU KHÔNG HẠT,KG,42.9,42.54,0.36,0.36,CO HINH (1 anh),1,https://s3.kingfood.co/double-check/scaled_e15723cb-a243-488b-a176-639c23ff503e3339085782761977607.jpg,tn,hình kdb
371,08/23/2026,IAP,KFM_HCM_TDU - Block B Imperia An Phú,PT1707215,A,TO246239,1101062,CHUỐI LABA ĐÀ LẠT,KG,20.2,18.92,1.28,0.0,CO HINH (1 anh),1,https://s3.kingfood.co/double-check/scaled_c7239f46-90c7-42b3-bc7f-ef281a70ad766666699198477300732.jpg,tn,hình kdb
372,08/23/2026,IAP,KFM_HCM_TDU - Block B Imperia An Phú,PT1707215,A,TO246239,1101079,BƠ 034,KG,15.1,15.04,0.06,0.06,CO HINH (1 anh),1,https://s3.kingfood.co/double-check/scaled_2ce7344a-10ec-4f7f-9710-122509dd415f6640736770681712476.jpg,tn,hình kdb
373,08/23/2026,IAP,KFM_HCM_TDU - Block B Imperia An Phú,PT1707215,A,TO246239,1101116,DỨA  MD2,KG,7.8,7.7,0.1,0.1,CO HINH (1 anh),1,https://s3.kingfood.co/double-check/scaled_ffff8b8d-7cb2-4557-80e1-f75bd7027cb51086530510446745430.jpg,tn,hình kdb
374,08/23/2026,IAP,KFM_HCM_TDU - Block B Imperia An Phú,PT1707215,A,TO246239,1101318,MẬN AN PHƯỚC,KG,4.2,4.14,0.06,0.06,CO HINH (1 anh),1,https://s3.kingfood.co/double-check/scaled_76a73536-390f-4970-94cf-0c89be68003c7511234195494181665.jpg,tn,hình kdb
375,08/23/2026,IAP,KFM_HCM_TDU - Block B Imperia An Phú,PT1707215,A,TO246239,1101366,BÔNG CẢI XANH ĐÀ LẠT  (KG),KG,8.2,8.04,0.16,0.16,CO HINH (1 anh),1,https://s3.kingfood.co/double-check/scaled_f5cc9a9b-e4fb-4df6-be1b-3841d0afc51f2413740598417287083.jpg,tn,hình kdb
376,08/23/2026,IAP,KFM_HCM_TDU - Block B Imperia An Phú,PT1707215,A,TO246239,1101377,BÔNG CẢI TRẮNG ĐÀ LẠT VIETGAP,KG,2.1,2.08,0.02,0.02,CO HINH (1 anh),1,https://s3.kingfood.co/double-check/scaled_c169871b-56a1-4122-8169-ced1a2ac0c915711241289642555595.jpg,tn,hình kdb
377,08/23/2026,IAP,KFM_HCM_TDU - Block B Imperia An Phú,PT1707215,A,TO246239,1101812,DƯA HẤU GIỐNG MỸ,KG,29.9,29.7,0.2,0.2,CO HINH (1 anh),1,https://s3.kingfood.co/double-check/scaled_ac99e777-2907-4905-92f6-bc86a2d6d01f2921808605800254539.jpg,tn,hình kdb
378,08/23/2026,IAP,KFM_HCM_TDU - Block B Imperia An Phú,PT1707215,A,TO246239,1101941,DƯA LƯỚI VỎ VÀNG RUỘT CAM,KG,24.5,24.22,0.28,0.28,CO HINH (1 anh),1,https://s3.kingfood.co/double-check/scaled_4ad462a3-a6cd-4e82-b3e5-19b938c39d6c8075562918483363238.jpg,tn,hình kdb
379,08/23/2026,JKD,KFM_HCM_TDU - A1.04 Jamila Khang Điền,PT1707315,A,TO246284,1100271,XOÀI CÁT CHU VÀNG,KG,3.2,3.16,0.04,0.04,CO HINH (1 anh),1,https://s3.kingfood.co/double-check/scaled_2d78a1e6-7edb-48a0-a15f-1f3e9753e66d1436746439016583725.jpg,,hình kdb
380,08/23/2026,JKD,KFM_HCM_TDU - A1.04 Jamila Khang Điền,PT1707315,A,TO246284,1101062,CHUỐI LABA ĐÀ LẠT,KG,10.0,9.96,0.04,0.04,CO HINH (1 anh),1,https://s3.kingfood.co/double-check/scaled_cd7d9ecf-918b-4925-a8df-deec3a54a3d78024641956870965063.jpg,,hình kdb
381,08/23/2026,JKD,KFM_HCM_TDU - A1.04 Jamila Khang Điền,PT1707315,A,TO246284,1101079,BƠ 034,KG,3.0,2.96,0.04,0.04,CO HINH (1 anh),1,https://s3.kingfood.co/double-check/scaled_ed72fa28-7102-4f74-af65-0cbf3a33a5d75768974086282100893.jpg,,hình kdb
382,08/23/2026,JKD,KFM_HCM_TDU - A1.04 Jamila Khang Điền,PT1707315,A,TO246284,1101116,DỨA  MD2,KG,7.4,7.36,0.04,0.04,CO HINH (1 anh),1,https://s3.kingfood.co/double-check/scaled_0ac2fcbf-1caa-45b4-8f14-a9582017a6e06056061514073090330.jpg,,hình kdb
383,08/23/2026,JKD,KFM_HCM_TDU - A1.04 Jamila Khang Điền,PT1707315,A,TO246284,1101366,BÔNG CẢI XANH ĐÀ LẠT  (KG),KG,4.0,3.88,0.12,0.12,CO HINH (1 anh),1,https://s3.kingfood.co/double-check/scaled_08c1d1b3-11bc-4c13-99c3-17fe90b59d905659770349103582928.jpg,,hình kdb
384,08/23/2026,JKD,KFM_HCM_TDU - A1.04 Jamila Khang Điền,PT1707315,A,TO246284,1101592,SẦU RIÊNG RI6,KG,10.0,9.9,0.1,0.1,CO HINH (1 anh),1,https://s3.kingfood.co/double-check/scaled_748faa93-1d6e-4fd5-97ea-da033a81f11e4941767688288827961.jpg,,hình kdb
385,08/23/2026,JKD,KFM_HCM_TDU - A1.04 Jamila Khang Điền,PT1707315,A,TO246284,1101941,DƯA LƯỚI VỎ VÀNG RUỘT CAM,KG,12.4,12.24,0.16,0.16,CO HINH (1 anh),1,https://s3.kingfood.co/double-check/scaled_aec80062-849d-4d29-a2cb-d3b7f97e4dda8824649180954849880.jpg,,hình kdb
386,08/23/2026,JKD,KFM_HCM_TDU - A1.04 Jamila Khang Điền,PT1707315,A,TO246284,1101991,LÊ ĐƯỜNG HÀ GIANG,KG,4.0,3.96,0.04,0.04,CO HINH (1 anh),1,https://s3.kingfood.co/double-check/scaled_52578e74-8423-480d-b577-b0cb671cc5ef1167047957527679138.jpg,,hình kdb
387,08/23/2026,KDG,KFM_HCM_Q03 - 10D Kỳ Đồng,PT1707314,A,TO246038,1101062,CHUỐI LABA ĐÀ LẠT,KG,10.1,10.02,0.08,0.08,CO HINH (1 anh),1,https://s3.kingfood.co/double-check/scaled_dc045289-3502-4578-a395-1c666802c5524911422077486367465.jpg,tn,hình kdb
388,08/23/2026,KDG,KFM_HCM_Q03 - 10D Kỳ Đồng,PT1707314,A,TO246038,1101366,BÔNG CẢI XANH ĐÀ LẠT  (KG),KG,4.4,4.38,0.02,0.02,CO HINH (1 anh),1,https://s3.kingfood.co/double-check/scaled_6ec285fd-eb29-4fac-a1ee-5a702f097d513732467417252741764.jpg,tn,hình kdb
389,08/23/2026,KDG,KFM_HCM_Q03 - 10D Kỳ Đồng,PT1707314,A,TO246038,1101592,SẦU RIÊNG RI6,KG,9.8,9.66,0.14,0.14,CO HINH (1 anh),1,https://s3.kingfood.co/double-check/scaled_b2a82143-57d7-4c1d-bc54-203f6e3776733773042568507925471.jpg,tn,hình kdb
390,08/23/2026,KHI,KFM_HCM_Q04 - 98 Khánh Hội,PT1707188,A,TO245988,1101302,CHUỐI GIÀ GIỐNG NAM MỸ,KG,16.0,15.94,0.06,0.06,CO HINH (1 anh),1,https://s3.kingfood.co/double-check/scaled_35700857-3c55-4722-a38b-dd23efdf90292138667413181488910.jpg,,hình kdb
391,08/23/2026,KHI,KFM_HCM_Q04 - 98 Khánh Hội,PT1707188,A,TO245988,1101592,SẦU RIÊNG RI6,KG,9.8,9.72,0.08,0.08,CO HINH (1 anh),1,https://s3.kingfood.co/double-check/scaled_af9e265f-fce6-4250-bd24-79f612daf63d1366453679260079769.jpg,,hình kdb
392,08/23/2026,LTC,KFM_HCM_Q07 - 97 Lê Thị Chợ,PT1707224,A,TO246156,1100816,DƯA HẤU RUỘT ĐỎ,KG,15.1,15.04,0.06,0.06,CO HINH (1 anh),1,https://s3.kingfood.co/double-check/image_picker_29927EA0-411E-4B19-A2AE-EF43D7D54584-59544-000014EFACBB6353.jpg,,hình kdb
393,08/23/2026,LTC,KFM_HCM_Q07 - 97 Lê Thị Chợ,PT1707224,A,TO246156,1100867,BƯỞI DA XANH LOẠI 1,KG,5.9,5.86,0.04,0.04,CO HINH (1 anh),1,https://s3.kingfood.co/double-check/image_picker_C1233735-6F99-4F27-A74C-3FECF5B3BC96-59544-000014F0930F865D.jpg,,hình kdb
394,08/23/2026,LTC,KFM_HCM_Q07 - 97 Lê Thị Chợ,PT1707224,A,TO246156,1100917,BÍ ĐỎ TRÒN,KG,8.6,8.54,0.06,0.06,CO HINH (1 anh),1,https://s3.kingfood.co/double-check/image_picker_4FD85685-56F3-45C0-A253-0299BE14461F-59544-000014F24FA8B792.jpg,,hình kdb
395,08/23/2026,LTC,KFM_HCM_Q07 - 97 Lê Thị Chợ,PT1707224,A,TO246156,1100992,DƯA LƯỚI VỎ XANH RUỘT CAM,KG,20.2,20.06,0.14,0.14,CO HINH (2 anh),2,"https://s3.kingfood.co/double-check/image_picker_3CD9D536-C328-4CA2-8FB5-99584C5D6825-59544-000014EEBFD86E6B.jpg
https://s3.kingfood.co/double-check/image_picker_B9A47668-FFDE-481E-B59E-103DEBFAF1B2-59544-000014EEE07657E6.jpg",,hình kdb
396,08/23/2026,LTC,KFM_HCM_Q07 - 97 Lê Thị Chợ,PT1707224,A,TO246156,1101003,DƯA HẤU KHÔNG HẠT,KG,10.0,9.96,0.04,0.04,CO HINH (1 anh),1,https://s3.kingfood.co/double-check/image_picker_8611C08F-548A-4839-B818-4D937C94DC68-59544-000014F282E512AB.jpg,,hình kdb
397,08/23/2026,LTC,KFM_HCM_Q07 - 97 Lê Thị Chợ,PT1707224,A,TO246156,1101079,BƠ 034,KG,9.1,9.08,0.02,0.02,CO HINH (1 anh),1,https://s3.kingfood.co/double-check/image_picker_20996466-5B0C-4820-B553-B74FD7940552-59544-000014ED893CE3DB.jpg,,hình kdb
398,08/23/2026,LTC,KFM_HCM_Q07 - 97 Lê Thị Chợ,PT1707224,A,TO246156,1101318,MẬN AN PHƯỚC,KG,4.1,4.04,0.06,0.06,CO HINH (1 anh),1,https://s3.kingfood.co/double-check/image_picker_176DD7B0-FBC5-49E3-B44E-8591196D68AA-59544-000014F0E16CD92E.jpg,,hình kdb
399,08/23/2026,LTC,KFM_HCM_Q07 - 97 Lê Thị Chợ,PT1707224,A,TO246156,1101366,BÔNG CẢI XANH ĐÀ LẠT  (KG),KG,12.1,11.64,0.46,0.46,CO HINH (3 anh),3,"https://s3.kingfood.co/double-check/image_picker_99132BF2-3B92-46BF-8DE2-F33B563859A6-59544-000014F2E2D385AA.jpg
https://s3.kingfood.co/double-check/image_picker_819A6510-D9D4-4BDD-816A-FC328CD0F937-59544-000014F2FA3331C4.jpg
https://s3.kingfood.co/double-check/image_picker_8B84A7EE-DC53-468B-A560-EC43A492EA74-59544-000014F315259BA1.jpg",,hình kdb
400,08/23/2026,LTC,KFM_HCM_Q07 - 97 Lê Thị Chợ,PT1707224,A,TO246156,1101941,DƯA LƯỚI VỎ VÀNG RUỘT CAM,KG,12.6,12.44,0.16,0.16,CO HINH (1 anh),1,https://s3.kingfood.co/double-check/image_picker_A7875EFB-EBD1-45C2-B1CA-3555402A3131-59544-000014EE4AD82FE4.jpg,,hình kdb
401,08/23/2026,LTC,KFM_HCM_Q07 - 97 Lê Thị Chợ,PT1707224,A,TO246156,1101991,LÊ ĐƯỜNG HÀ GIANG,KG,4.0,3.98,0.02,0.02,CO HINH (1 anh),1,https://s3.kingfood.co/double-check/image_picker_8D68E30E-6E22-45C5-89A1-E23A0D333469-59544-000014ED369DCF2E.jpg,,hình kdb
402,08/23/2026,LVH,KFM_HCM_TDU - 222 Lê Văn Thịnh,PT1707072,A,TO245943,1101116,DỨA  MD2,KG,7.6,0.0,7.6,0.0,CHUA CO HINH,0,,tn0,Thiếu hình
403,08/23/2026,LVL,KFM_HCM_NBE - 166E Lê Văn Lương,PT1707352,A,TO246236,1100816,DƯA HẤU RUỘT ĐỎ,KG,42.6,42.44,0.16,0.16,CO HINH (1 anh),1,https://s3.kingfood.co/double-check/image_picker_48506665-489D-4071-AA6B-A33531F459BF-82935-000009960ACB4477.jpg,,hình kdb
404,08/23/2026,LVL,KFM_HCM_NBE - 166E Lê Văn Lương,PT1707352,A,TO246236,1100942,BƠ BOOTH,KG,9.0,8.98,0.02,0.02,CO HINH (1 anh),1,https://s3.kingfood.co/double-check/image_picker_77A86A24-B5D7-4F18-816D-777206612BC4-83024-000009976E7C05BA.jpg,,hình kdb
405,08/23/2026,LVL,KFM_HCM_NBE - 166E Lê Văn Lương,PT1707352,A,TO246236,1100992,DƯA LƯỚI VỎ XANH RUỘT CAM,KG,10.1,10.02,0.08,0.08,CO HINH (1 anh),1,https://s3.kingfood.co/double-check/image_picker_C51BB8D1-B4C5-4EDA-A9BF-C5EF5282302C-82935-000009953D27B4B0.jpg,,hình kdb
406,08/23/2026,LVL,KFM_HCM_NBE - 166E Lê Văn Lương,PT1707352,A,TO246236,1101062,CHUỐI LABA ĐÀ LẠT,KG,10.0,9.98,0.02,0.02,CO HINH (1 anh),1,https://s3.kingfood.co/double-check/image_picker_3354BA66-06E7-42B6-9227-F340EA8AB952-83024-000009988CE3ED8D.jpg,,hình kdb
407,08/23/2026,LVL,KFM_HCM_NBE - 166E Lê Văn Lương,PT1707352,A,TO246236,1101079,BƠ 034,KG,6.2,3.0,3.2,0.0,CO HINH (1 anh),1,https://s3.kingfood.co/double-check/image_picker_6D153449-FA0E-4262-8FDB-CDBEDC9B6438-83024-00000998C78E281E.jpg,,hình kdb
408,08/23/2026,LVL,KFM_HCM_NBE - 166E Lê Văn Lương,PT1707352,A,TO246236,1101116,DỨA  MD2,KG,8.1,7.92,0.18,0.18,CO HINH (1 anh),1,https://s3.kingfood.co/double-check/image_picker_6DEC9A9B-ACD3-48A7-993A-37A787B19106-83024-00000998457E5E09.jpg,,hình kdb
409,08/23/2026,LVL,KFM_HCM_NBE - 166E Lê Văn Lương,PT1707352,A,TO246236,1101305,HỒNG GIÒN MỘC CHÂU,KG,3.3,3.28,0.02,0.02,CO HINH (1 anh),1,https://s3.kingfood.co/double-check/image_picker_C4FCC022-15B7-4EB6-96D0-7149468F4702-83024-00000997BA044F64.jpg,,hình kdb
410,08/23/2026,LVL,KFM_HCM_NBE - 166E Lê Văn Lương,PT1707352,A,TO246236,1101318,MẬN AN PHƯỚC,KG,4.1,4.08,0.02,0.02,CO HINH (1 anh),1,https://s3.kingfood.co/double-check/image_picker_D8D3059D-3ED9-409A-BCCA-767850A8754E-82935-00000994651F3141.jpg,,hình kdb
411,08/23/2026,LVL,KFM_HCM_NBE - 166E Lê Văn Lương,PT1707352,A,TO246236,1101366,BÔNG CẢI XANH ĐÀ LẠT  (KG),KG,3.9,3.82,0.08,0.08,CO HINH (1 anh),1,https://s3.kingfood.co/double-check/image_picker_4773D18C-3A43-4398-8F65-A52B14CBC2F7-83024-00000997419C0787.jpg,,hình kdb
412,08/23/2026,LVL,KFM_HCM_NBE - 166E Lê Văn Lương,PT1707352,A,TO246236,1101941,DƯA LƯỚI VỎ VÀNG RUỘT CAM,KG,37.0,36.82,0.18,0.18,CO HINH (1 anh),1,https://s3.kingfood.co/double-check/image_picker_800B0AFE-7862-42AC-8B6B-84A3CF27A2AB-83024-0000099701EB8106.jpg,,hình kdb
413,08/23/2026,LVN,KFM_HCM_Q07 - 09 Lâm Văn Bền,PT1707312,A,TO246238,1100816,DƯA HẤU RUỘT ĐỎ,KG,44.6,44.1,0.5,0.5,CO HINH (1 anh),1,https://s3.kingfood.co/double-check/scaled_def520ee-17d2-4ecd-8313-c41e7336d3e22609738342403595568.jpg,,hình kdb
414,08/23/2026,LVN,KFM_HCM_Q07 - 09 Lâm Văn Bền,PT1707312,A,TO246238,1101062,CHUỐI LABA ĐÀ LẠT,KG,10.0,9.9,0.1,0.1,CO HINH (1 anh),1,https://s3.kingfood.co/double-check/scaled_d58dff3d-05c3-4ef0-a1ff-3235453a51a65189510711455907679.jpg,,hình kdb
415,08/23/2026,LVN,KFM_HCM_Q07 - 09 Lâm Văn Bền,PT1707312,A,TO246238,1101079,BƠ 034,KG,12.4,12.0,0.4,0.4,CO HINH (1 anh),1,https://s3.kingfood.co/double-check/scaled_ffe3af0b-8bc5-401d-9cbc-fbd58dccd6518003666144296572113.jpg,,hình kdb
416,08/23/2026,LVN,KFM_HCM_Q07 - 09 Lâm Văn Bền,PT1707312,A,TO246238,1101094,MÍT GIỐNG THÁI CẮT MIÊNG,KG,3.0,2.96,0.045,0.045,CO HINH (1 anh),1,https://s3.kingfood.co/double-check/scaled_0fff1aac-3dda-408a-a4fa-e2024e66755f735756923325239820.jpg,,hình kdb
417,08/23/2026,LVN,KFM_HCM_Q07 - 09 Lâm Văn Bền,PT1707312,A,TO246238,1101302,CHUỐI GIÀ GIỐNG NAM MỸ,KG,16.0,15.85,0.15,0.15,CO HINH (1 anh),1,https://s3.kingfood.co/double-check/scaled_2e824d2f-c172-428e-a63c-5d07b7beb8f45487056030802633372.jpg,,hình kdb
418,08/23/2026,LVN,KFM_HCM_Q07 - 09 Lâm Văn Bền,PT1707312,A,TO246238,1101305,HỒNG GIÒN MỘC CHÂU,KG,2.5,2.45,0.05,0.05,CO HINH (1 anh),1,https://s3.kingfood.co/double-check/scaled_38c0d724-28c9-47ab-bde2-16efa593d1d38649309985589893684.jpg,,hình kdb
419,08/23/2026,LVN,KFM_HCM_Q07 - 09 Lâm Văn Bền,PT1707312,A,TO246238,1102035,MẬN ĐÁ ĐƯỜNG,KG,8.0,7.85,0.15,0.15,CO HINH (1 anh),1,https://s3.kingfood.co/double-check/scaled_174d0f15-c7c4-4e58-9d40-72f74ded0b2a1964695617244885392.jpg,,hình kdb
420,08/23/2026,LVT,KFM_HCM_GVA - 308 Lê Văn Thọ,PT1707071,A,TO246136,1100816,DƯA HẤU RUỘT ĐỎ,KG,15.6,15.5,0.1,0.1,CO HINH (1 anh),1,https://s3.kingfood.co/double-check/scaled_2d195b1f-2d25-4666-b998-9225cda8abc28987828219059225027.jpg,tn,hình kdb
421,08/23/2026,LVT,KFM_HCM_GVA - 308 Lê Văn Thọ,PT1707071,A,TO246136,1101079,BƠ 034,KG,3.1,3.08,0.02,0.02,CO HINH (1 anh),1,https://s3.kingfood.co/double-check/scaled_0c1bfb0d-f065-4bcc-b58c-9525a9650ab31171852485958498520.jpg,tn,hình kdb
422,08/23/2026,LVT,KFM_HCM_GVA - 308 Lê Văn Thọ,PT1707071,A,TO246136,1101116,DỨA  MD2,KG,8.2,8.18,0.02,0.02,CO HINH (1 anh),1,https://s3.kingfood.co/double-check/scaled_016c22dd-2852-4052-b553-3abc05ae0f677963051818181384125.jpg,tn,hình kdb
423,08/23/2026,LVT,KFM_HCM_GVA - 308 Lê Văn Thọ,PT1707071,A,TO246136,1101366,BÔNG CẢI XANH ĐÀ LẠT  (KG),KG,4.2,4.16,0.04,0.04,CO HINH (1 anh),1,https://s3.kingfood.co/double-check/scaled_15630cae-9fbb-406a-b255-a9dd1d5672a56093941804547051465.jpg,tn,hình kdb
424,08/23/2026,LVT,KFM_HCM_GVA - 308 Lê Văn Thọ,PT1707071,A,TO246136,1101592,SẦU RIÊNG RI6,KG,10.2,10.1,0.1,0.1,CO HINH (1 anh),1,https://s3.kingfood.co/double-check/scaled_3f85bec0-b3af-43a6-ae46-41329452d4e5363375642365727022.jpg,tn,hình kdb
425,08/23/2026,LVT,KFM_HCM_GVA - 308 Lê Văn Thọ,PT1707071,A,TO246136,1101941,DƯA LƯỚI VỎ VÀNG RUỘT CAM,KG,12.1,11.94,0.16,0.16,CO HINH (1 anh),1,https://s3.kingfood.co/double-check/scaled_ce86f81c-bb49-429a-a7ee-231e84d4c28c7644027783132851313.jpg,tn,hình kdb
426,08/23/2026,LVY,KFM_HCM_TBI - 236A Lê Văn Sỹ,PT1707359,A,TO246303,1100816,DƯA HẤU RUỘT ĐỎ,KG,30.8,30.66,0.14,0.14,CHUA CO HINH,0,,tn,Thiếu hình
427,08/23/2026,LVY,KFM_HCM_TBI - 236A Lê Văn Sỹ,PT1707359,A,TO246303,1100992,DƯA LƯỚI VỎ XANH RUỘT CAM,KG,10.0,9.96,0.04,0.04,CHUA CO HINH,0,,tn,Thiếu hình
428,08/23/2026,LVY,KFM_HCM_TBI - 236A Lê Văn Sỹ,PT1707359,A,TO246303,1101062,CHUỐI LABA ĐÀ LẠT,KG,20.1,19.1,1.0,1.0,CHUA CO HINH,0,,tn,Thiếu hình
429,08/23/2026,LVY,KFM_HCM_TBI - 236A Lê Văn Sỹ,PT1707359,A,TO246303,1101079,BƠ 034,KG,3.1,3.06,0.04,0.04,CHUA CO HINH,0,,tn,Thiếu hình
430,08/23/2026,LVY,KFM_HCM_TBI - 236A Lê Văn Sỹ,PT1707359,A,TO246303,1101116,DỨA  MD2,KG,8.0,7.7,0.3,0.3,CHUA CO HINH,0,,tn,Thiếu hình
431,08/23/2026,LVY,KFM_HCM_TBI - 236A Lê Văn Sỹ,PT1707359,A,TO246303,1102035,MẬN ĐÁ ĐƯỜNG,KG,12.0,0.0,12.0,0.0,CHUA CO HINH,0,,tn,Thiếu hình
432,08/23/2026,MTE,KFM_HCM_TDU - D01.14 MT Eastmark City,PT1707208,A,TO246362,1100816,DƯA HẤU RUỘT ĐỎ,KG,30.2,30.0,0.2,0.2,CO HINH (1 anh),1,https://s3.kingfood.co/double-check/scaled_284ce4e2-3aee-448d-bde6-86a7c9b28bda3829704522576888720.jpg,tn,hình kdb
433,08/23/2026,MZ2,KFM_HCM_BCH - A7-8 Valora Mizuki,PT1707216,A,TO245929,1100816,DƯA HẤU RUỘT ĐỎ,KG,29.0,28.88,0.12,0.12,CO HINH (1 anh),1,https://s3.kingfood.co/double-check/scaled_37d0cbfa-afea-4fda-85b7-01a843c714a34268475074850131822.jpg,tn 28.88,hình kdb
434,08/23/2026,MZ2,KFM_HCM_BCH - A7-8 Valora Mizuki,PT1707216,A,TO245929,1101941,DƯA LƯỚI VỎ VÀNG RUỘT CAM,KG,11.9,11.76,0.14,0.14,CO HINH (1 anh),1,https://s3.kingfood.co/double-check/scaled_73229283-2f7a-4103-a261-98c392c8db1f8507795072203489603.jpg,tn 11.76,hình kdb
435,08/23/2026,MZK,KFM_HCM_BCH - TMDV2 Mizuki Park,PT1707311,A,TO246034,1101366,BÔNG CẢI XANH ĐÀ LẠT  (KG),KG,4.1,3.86,0.24,0.24,CHUA CO HINH,0,,,Thiếu hình
436,08/23/2026,NDH,KFM_HCM_TDU - 1426 Nguyễn Duy Trinh,PT1707310,A,TO246112,1100816,DƯA HẤU RUỘT ĐỎ,KG,46.6,46.22,0.38,0.38,CO HINH (3 anh),3,"https://s3.kingfood.co/double-check/scaled_553f8e8d-defc-4a61-80dd-418d9d27c54b699878826311927987.jpg
https://s3.kingfood.co/double-check/scaled_41cf2d97-fd84-4286-a216-64c441c5ccc42899082142709922993.jpg
https://s3.kingfood.co/double-check/scaled_89bdf723-3cb9-4b9f-b162-031eea3dbc209191426296339653628.jpg",tn,hình kdb
437,08/23/2026,NDH,KFM_HCM_TDU - 1426 Nguyễn Duy Trinh,PT1707310,A,TO246112,1101003,DƯA HẤU KHÔNG HẠT,KG,11.8,11.76,0.04,0.04,CO HINH (1 anh),1,https://s3.kingfood.co/double-check/scaled_c3825d10-8668-4e7d-a6c2-501cfa54f08f743001629605901207.jpg,tn,hình kdb
438,08/23/2026,NDH,KFM_HCM_TDU - 1426 Nguyễn Duy Trinh,PT1707310,A,TO246112,1101062,CHUỐI LABA ĐÀ LẠT,KG,10.2,10.16,0.04,0.04,CO HINH (1 anh),1,https://s3.kingfood.co/double-check/scaled_d2eec431-2400-417f-a27a-62e5150d1b945489186492164533648.jpg,tn,hình kdb
439,08/23/2026,NDH,KFM_HCM_TDU - 1426 Nguyễn Duy Trinh,PT1707310,A,TO246112,1101116,DỨA  MD2,KG,5.7,5.58,0.12,0.12,CO HINH (1 anh),1,https://s3.kingfood.co/double-check/scaled_e7183793-ecec-4fd1-a093-9f2b6498bbb48560866859639054403.jpg,tn,hình kdb
440,08/23/2026,NDH,KFM_HCM_TDU - 1426 Nguyễn Duy Trinh,PT1707310,A,TO246112,1101941,DƯA LƯỚI VỎ VÀNG RUỘT CAM,KG,24.3,24.2,0.1,0.1,CO HINH (1 anh),1,https://s3.kingfood.co/double-check/scaled_9cb0e959-2fe0-4feb-84b6-4252d50258ea6533011981365641566.jpg,tn,hình kdb
441,08/23/2026,NDH,KFM_HCM_TDU - 1426 Nguyễn Duy Trinh,PT1707310,A,TO246112,1102035,MẬN ĐÁ ĐƯỜNG,KG,4.0,0.0,4.0,0.0,CHUA CO HINH,0,,hàng không về ,Thiếu hình
442,08/23/2026,NHG,KFM_HCM_GVA - 15 Nguyên Hồng,PT1707069,A,TO246168,1100816,DƯA HẤU RUỘT ĐỎ,KG,15.1,14.92,0.18,0.18,CO HINH (2 anh),2,"https://s3.kingfood.co/double-check/scaled_ac7be39f-5a15-4e0a-870a-368b9bd883d64699770726120360077.jpg
https://s3.kingfood.co/double-check/scaled_60742e78-c7a6-4115-9716-61669f73fb432980635207488529705.jpg",tn,hình kdb
443,08/23/2026,NHG,KFM_HCM_GVA - 15 Nguyên Hồng,PT1707069,A,TO246168,1101003,DƯA HẤU KHÔNG HẠT,KG,11.5,11.36,0.14,0.14,CO HINH (1 anh),1,https://s3.kingfood.co/double-check/scaled_9e321bb1-ad0d-4957-8380-407ac7aef00e3625980757792913163.jpg,tn,hình kdb
444,08/23/2026,NHG,KFM_HCM_GVA - 15 Nguyên Hồng,PT1707069,A,TO246168,1101941,DƯA LƯỚI VỎ VÀNG RUỘT CAM,KG,12.3,12.04,0.26,0.26,CO HINH (1 anh),1,https://s3.kingfood.co/double-check/scaled_73a36786-bf03-4788-bcce-79c4dd8049a37222168121621428570.jpg,tn,hình kdb
445,08/23/2026,NKM,KFM_HCM_GVA - 371 Nguyễn Kiệm,PT1707068,A,TO245977,1100816,DƯA HẤU RUỘT ĐỎ,KG,15.1,15.05,0.05,0.05,CHUA CO HINH,0,,tn,Thiếu hình
446,08/23/2026,NKM,KFM_HCM_GVA - 371 Nguyễn Kiệm,PT1707068,A,TO245977,1101062,CHUỐI LABA ĐÀ LẠT,KG,10.1,10.04,0.06,0.06,CHUA CO HINH,0,,tn,Thiếu hình
447,08/23/2026,NKM,KFM_HCM_GVA - 371 Nguyễn Kiệm,PT1707068,A,TO245977,1101377,BÔNG CẢI TRẮNG ĐÀ LẠT VIETGAP,KG,2.1,2.07,0.03,0.03,CO HINH (1 anh),1,https://s3.kingfood.co/double-check/scaled_6abf5917-f443-46bb-9c02-e7af896dc20c2772264928966036697.jpg,tn,hình kdb
448,08/23/2026,NKM,KFM_HCM_GVA - 371 Nguyễn Kiệm,PT1707068,A,TO245977,1101592,SẦU RIÊNG RI6,KG,9.9,9.82,0.085,0.085,CO HINH (1 anh),1,https://s3.kingfood.co/double-check/scaled_d1cabe02-79f4-4241-a9dc-36193ad9bedb7323246814838340034.jpg,tn,hình kdb
449,08/23/2026,NKM,KFM_HCM_GVA - 371 Nguyễn Kiệm,PT1707068,A,TO245977,1102035,MẬN ĐÁ ĐƯỜNG,KG,4.0,3.99,0.01,0.01,CO HINH (1 anh),1,https://s3.kingfood.co/double-check/scaled_f4743fd3-9a0e-4805-bc63-7ca5e8c732365394815168989454425.jpg,tn,hình kdb
450,08/23/2026,NTD,KFM_HCM_TDU - 160A Nguyễn Thị Định,PT1707309,A,TO246223,1100816,DƯA HẤU RUỘT ĐỎ,KG,15.5,15.35,0.15,0.15,CHUA CO HINH,0,,tb,Thiếu hình
451,08/23/2026,NTD,KFM_HCM_TDU - 160A Nguyễn Thị Định,PT1707309,A,TO246223,1101077,CHANH DÂY,KG,3.0,2.8,0.2,0.2,CHUA CO HINH,0,,tn,Thiếu hình
452,08/23/2026,NTD,KFM_HCM_TDU - 160A Nguyễn Thị Định,PT1707309,A,TO246223,1101366,BÔNG CẢI XANH ĐÀ LẠT  (KG),KG,6.0,5.9,0.1,0.1,CHUA CO HINH,0,,tn,Thiếu hình
453,08/23/2026,NTO,KFM_HCM_BTH - 108 Ngô Tất Tố,PT1707281,A,TO246195,1100992,DƯA LƯỚI VỎ XANH RUỘT CAM,KG,20.2,20.1,0.1,0.1,CO HINH (1 anh),1,https://s3.kingfood.co/double-check/scaled_da41bf7f-a56c-4620-8232-f7a83743ed6c6380334262685540722.jpg,tn,hình kdb
454,08/23/2026,NTO,KFM_HCM_BTH - 108 Ngô Tất Tố,PT1707281,A,TO246195,1101079,BƠ 034,KG,3.0,2.95,0.05,0.05,CO HINH (1 anh),1,https://s3.kingfood.co/double-check/scaled_4b6e49f0-13ad-4b30-bafd-0c967c7a403e3946771716000682006.jpg,tn,hình kdb
455,08/23/2026,NTO,KFM_HCM_BTH - 108 Ngô Tất Tố,PT1707281,A,TO246195,1101992,XOÀI TỨ QUÝ,KG,3.0,2.94,0.06,0.06,CO HINH (1 anh),1,https://s3.kingfood.co/double-check/scaled_a70b6da3-a890-4815-a0fe-4b7e881c4ffa3890652696294995426.jpg,tn,hình kdb
456,08/23/2026,NTT,KFM_HCM_Q07 - 436 Nguyễn Thị Thập,PT1707218,A,TO246330,1100942,BƠ BOOTH,KG,3.0,0.0,3.0,0.0,CHUA CO HINH,0,,tn,Thiếu hình
457,08/23/2026,NTT,KFM_HCM_Q07 - 436 Nguyễn Thị Thập,PT1707218,A,TO246330,1100992,DƯA LƯỚI VỎ XANH RUỘT CAM,KG,10.1,10.08,0.02,0.02,CO HINH (1 anh),1,https://s3.kingfood.co/double-check/image_picker_DDEDD070-BCDD-4225-8F90-3F11B258A042-32902-00001F0BA14479DD.jpg,tn,hình kdb
458,08/23/2026,NTT,KFM_HCM_Q07 - 436 Nguyễn Thị Thập,PT1707218,A,TO246330,1101062,CHUỐI LABA ĐÀ LẠT,KG,10.0,9.96,0.04,0.04,CO HINH (1 anh),1,https://s3.kingfood.co/double-check/image_picker_04672454-8541-46DB-91B6-BBDE8DB1E801-32902-00001F0BFD7688F7.jpg,tn,hình kdb
459,08/23/2026,NTT,KFM_HCM_Q07 - 436 Nguyễn Thị Thập,PT1707218,A,TO246330,1101079,BƠ 034,KG,6.1,3.12,2.98,0.0,CO HINH (1 anh),1,https://s3.kingfood.co/double-check/scaled_b1e2a570-6c83-4fdb-a47b-c0b71c804f60497783344664185914.jpg,tn,hình kdb
460,08/23/2026,NTT,KFM_HCM_Q07 - 436 Nguyễn Thị Thập,PT1707218,A,TO246330,1101366,BÔNG CẢI XANH ĐÀ LẠT  (KG),KG,4.1,0.0,4.1,0.0,CHUA CO HINH,0,,tn,Thiếu hình
461,08/23/2026,NTT,KFM_HCM_Q07 - 436 Nguyễn Thị Thập,PT1707218,A,TO246330,1101592,SẦU RIÊNG RI6,KG,10.1,9.94,0.16,0.16,CO HINH (1 anh),1,https://s3.kingfood.co/double-check/scaled_69917b53-e05b-4051-8ea4-f745105fcea02623020219694499840.jpg,tn,hình kdb
462,08/23/2026,NTT,KFM_HCM_Q07 - 436 Nguyễn Thị Thập,PT1707218,A,TO246330,1101941,DƯA LƯỚI VỎ VÀNG RUỘT CAM,KG,12.0,11.88,0.12,0.12,CO HINH (1 anh),1,https://s3.kingfood.co/double-check/scaled_d0356697-c064-46f3-b72a-bcd2ffc657757244414655854063517.jpg,tn,hình kdb
463,08/23/2026,NTU,KFM_HCM_BTA - 46 Nguyễn Thị Tú,PT1707202,A,TO246266,1101366,BÔNG CẢI XANH ĐÀ LẠT  (KG),KG,4.1,3.7,0.4,0.4,CO HINH (1 anh),1,https://s3.kingfood.co/double-check/scaled_b879814a-1703-434e-a58e-0f20dd3226307754217768803130169.jpg,tn 3.7,hình kdb
464,08/23/2026,NVD,KFM_HCM_BTH - 42 Nguyễn Văn Đậu,PT1707358,A,TO246132,1100816,DƯA HẤU RUỘT ĐỎ,KG,14.6,14.48,0.12,0.12,CO HINH (1 anh),1,https://s3.kingfood.co/double-check/scaled_569e31cc-854b-409f-ab7f-5f3e857a10587252188264031457635.jpg,tn,hình kdb
465,08/23/2026,NVD,KFM_HCM_BTH - 42 Nguyễn Văn Đậu,PT1707358,A,TO246132,1101062,CHUỐI LABA ĐÀ LẠT,KG,10.0,9.94,0.06,0.06,CO HINH (1 anh),1,https://s3.kingfood.co/double-check/scaled_73e19bb4-8d44-4088-a2b9-89ab8f5e52705130505959518222245.jpg,tn,hình kdb
466,08/23/2026,NVD,KFM_HCM_BTH - 42 Nguyễn Văn Đậu,PT1707358,A,TO246132,1101941,DƯA LƯỚI VỎ VÀNG RUỘT CAM,KG,22.5,22.26,0.24,0.24,CO HINH (1 anh),1,https://s3.kingfood.co/double-check/scaled_e54f26ae-9292-4404-83ce-3b55981aaa0c6979441784939696535.jpg,tn,hình kdb
467,08/23/2026,NVK,KFM_HCM_GVA - 299 Nguyễn Văn Khối,PT1707308,A,TO246090,1101003,DƯA HẤU KHÔNG HẠT,KG,10.9,10.8,0.1,0.1,CO HINH (1 anh),1,https://s3.kingfood.co/double-check/scaled_72bc8fc0-24c4-4d5d-bda2-199668d3848352305091792391833.jpg,,hình kdb
468,08/23/2026,NVK,KFM_HCM_GVA - 299 Nguyễn Văn Khối,PT1707308,A,TO246090,1101062,CHUỐI LABA ĐÀ LẠT,KG,10.1,10.0,0.1,0.1,CO HINH (1 anh),1,https://s3.kingfood.co/double-check/scaled_a94cd97e-bc48-49ed-a44d-19aba6a5f3be1731340681024915837.jpg,,hình kdb
469,08/23/2026,NVQ,KFM_HCM_Q12 - 678 Nguyễn Văn Quá,PT1707067,A,TO245992,1101116,DỨA  MD2,KG,8.1,7.99,0.11,0.11,CO HINH (1 anh),1,https://s3.kingfood.co/double-check/scaled_a00a8fce-58c6-46d6-963d-2eeabc0661e11996500930355199906.jpg,,hình kdb
470,08/23/2026,NVQ,KFM_HCM_Q12 - 678 Nguyễn Văn Quá,PT1707067,A,TO245992,1101592,SẦU RIÊNG RI6,KG,10.0,9.86,0.14,0.14,CO HINH (1 anh),1,https://s3.kingfood.co/double-check/scaled_f0edf7fb-4221-4089-914d-5f2a354cfab33448578649195309475.jpg,,hình kdb
471,08/23/2026,NVT,KFM_HCM_Q09 - 367 Nguyễn Văn Tăng,PT1707307,A,TO246271,1101366,BÔNG CẢI XANH ĐÀ LẠT  (KG),KG,4.3,4.26,0.04,0.04,CO HINH (1 anh),1,https://s3.kingfood.co/double-check/scaled_319378a2-cef4-4d58-a72b-3203065fa179748029097282723615.jpg,,hình kdb
472,08/23/2026,NVT,KFM_HCM_Q09 - 367 Nguyễn Văn Tăng,PT1707307,A,TO246271,1101941,DƯA LƯỚI VỎ VÀNG RUỘT CAM,KG,12.1,12.04,0.06,0.06,CO HINH (1 anh),1,https://s3.kingfood.co/double-check/scaled_722d802a-1781-4162-9033-0bc73d01920f6148561764790698162.jpg,,hình kdb
473,08/23/2026,OPS,KFM_BDU_TAN - B.01.04 Tháp B Opal Skyline,PT1707066,A,TO246063,1100816,DƯA HẤU RUỘT ĐỎ,KG,15.2,15.15,0.05,0.05,CO HINH (1 anh),1,https://s3.kingfood.co/double-check/scaled_175402ac-a142-49b7-9535-664bfabcaccb9038192214441503535.jpg,tn,hình kdb
474,08/23/2026,PGS,KFM_HCM_Q08 - 01.18 Pegasuite,PT1707306,A,TO246170,1101079,BƠ 034,KG,6.3,6.22,0.08,0.08,CHUA CO HINH,0,,thieu,Thiếu hình
475,08/23/2026,PGS,KFM_HCM_Q08 - 01.18 Pegasuite,PT1707306,A,TO246170,1101941,DƯA LƯỚI VỎ VÀNG RUỘT CAM,KG,24.4,24.22,0.18,0.18,CHUA CO HINH,0,,thieu,Thiếu hình
476,08/23/2026,PHG,KFM_HCM_BCH - 10 Phạm Hùng,PT1707305,A,TO246148,1100917,BÍ ĐỎ TRÒN,KG,7.6,7.58,0.025,0.025,CHUA CO HINH,0,,tn,Thiếu hình
477,08/23/2026,PHG,KFM_HCM_BCH - 10 Phạm Hùng,PT1707305,A,TO246148,1101062,CHUỐI LABA ĐÀ LẠT,KG,10.1,10.01,0.09,0.09,CHUA CO HINH,0,,tn,Thiếu hình
478,08/23/2026,PHG,KFM_HCM_BCH - 10 Phạm Hùng,PT1707305,A,TO246148,1101079,BƠ 034,KG,9.0,8.99,0.01,0.01,CHUA CO HINH,0,,tn,Thiếu hình
479,08/23/2026,PHG,KFM_HCM_BCH - 10 Phạm Hùng,PT1707305,A,TO246148,1101116,DỨA  MD2,KG,7.9,7.78,0.125,0.125,CHUA CO HINH,0,,tn,Thiếu hình
480,08/23/2026,PHG,KFM_HCM_BCH - 10 Phạm Hùng,PT1707305,A,TO246148,1101318,MẬN AN PHƯỚC,KG,4.1,4.05,0.055,0.055,CHUA CO HINH,0,,tn,Thiếu hình
481,08/23/2026,PHG,KFM_HCM_BCH - 10 Phạm Hùng,PT1707305,A,TO246148,1101366,BÔNG CẢI XANH ĐÀ LẠT  (KG),KG,4.0,3.94,0.06,0.06,CHUA CO HINH,0,,tn,Thiếu hình
482,08/23/2026,PHG,KFM_HCM_BCH - 10 Phạm Hùng,PT1707305,A,TO246148,1101812,DƯA HẤU GIỐNG MỸ,KG,14.7,14.6,0.105,0.105,CHUA CO HINH,0,,tn,Thiếu hình
483,08/23/2026,PHG,KFM_HCM_BCH - 10 Phạm Hùng,PT1707305,A,TO246148,1102035,MẬN ĐÁ ĐƯỜNG,KG,8.0,7.89,0.11,0.11,CHUA CO HINH,0,,tn,Thiếu hình
484,08/23/2026,PHI,KFM_HCM_GVA - 410 Phan Huy Ích,PT1707304,A,TO246095,1101062,CHUỐI LABA ĐÀ LẠT,KG,10.1,10.02,0.08,0.08,CO HINH (1 anh),1,https://s3.kingfood.co/double-check/scaled_77deb1c4-eb25-405e-9185-436e8e54f5494710000428255156376.jpg,,hình kdb
485,08/23/2026,PHI,KFM_HCM_GVA - 410 Phan Huy Ích,PT1707304,A,TO246095,1101366,BÔNG CẢI XANH ĐÀ LẠT  (KG),KG,4.0,3.96,0.04,0.04,CO HINH (1 anh),1,https://s3.kingfood.co/double-check/scaled_5f1cb8c2-1acc-4ea7-8643-9075860424697785216505317741178.jpg,,hình kdb
486,08/23/2026,PHI,KFM_HCM_GVA - 410 Phan Huy Ích,PT1707304,A,TO246095,1101941,DƯA LƯỚI VỎ VÀNG RUỘT CAM,KG,12.1,12.06,0.04,0.04,CO HINH (1 anh),1,https://s3.kingfood.co/double-check/scaled_97bc75c3-d868-4eef-a7da-d8e4803c5fc36419373460165630787.jpg,,hình kdb
487,08/23/2026,PHL,KFM_HCM_Q07 - 233 Phạm Hữu Lầu,PT1707302,A,TO246202,1101062,CHUỐI LABA ĐÀ LẠT,KG,10.1,10.02,0.08,0.08,CO HINH (1 anh),1,https://s3.kingfood.co/double-check/scaled_98c5ee51-9190-49bb-b362-0e1a3c259e936273076994824596898.jpg,,hình kdb
488,08/23/2026,PHL,KFM_HCM_Q07 - 233 Phạm Hữu Lầu,PT1707302,A,TO246202,1101077,CHANH DÂY,KG,3.0,2.82,0.18,0.18,CO HINH (1 anh),1,https://s3.kingfood.co/double-check/scaled_c14cfc68-ad22-43f3-b44a-92aceb4fe62e18506415080438570.jpg,,hình kdb
489,08/23/2026,PHL,KFM_HCM_Q07 - 233 Phạm Hữu Lầu,PT1707302,A,TO246202,1101366,BÔNG CẢI XANH ĐÀ LẠT  (KG),KG,4.1,3.88,0.22,0.22,CO HINH (1 anh),1,https://s3.kingfood.co/double-check/scaled_044806f8-cb34-4e67-96eb-1594434c51071793702867148076619.jpg,,hình kdb
490,08/23/2026,PKD,KFM_HCM_BTA - TMDV19 Privia Khang Điền,PT1707301,A,TO246245,1100816,DƯA HẤU RUỘT ĐỎ,KG,15.8,15.58,0.22,0.22,CO HINH (1 anh),1,https://s3.kingfood.co/double-check/scaled_01fe38d9-ee05-4d9c-be1b-000ab677197d9162107005523805798.jpg,,hình kdb
491,08/23/2026,PKD,KFM_HCM_BTA - TMDV19 Privia Khang Điền,PT1707301,A,TO246245,1101003,DƯA HẤU KHÔNG HẠT,KG,11.0,10.88,0.12,0.12,CO HINH (1 anh),1,https://s3.kingfood.co/double-check/scaled_2a755c41-4dee-40ae-b3f5-9383fe068e076340018852364388369.jpg,,hình kdb
492,08/23/2026,PKD,KFM_HCM_BTA - TMDV19 Privia Khang Điền,PT1707301,A,TO246245,1101302,CHUỐI GIÀ GIỐNG NAM MỸ,KG,24.0,23.78,0.22,0.22,CO HINH (1 anh),1,https://s3.kingfood.co/double-check/scaled_4cf07395-463f-4115-bae8-d0537a3f7ea49057179274006567796.jpg,,hình kdb
493,08/23/2026,PKD,KFM_HCM_BTA - TMDV19 Privia Khang Điền,PT1707301,A,TO246245,1101366,BÔNG CẢI XANH ĐÀ LẠT  (KG),KG,4.0,3.8,0.2,0.2,CO HINH (1 anh),1,https://s3.kingfood.co/double-check/scaled_25cb7776-1bf6-4650-8871-f47b285de5875179584730257322859.jpg,,hình kdb
494,08/23/2026,PKD,KFM_HCM_BTA - TMDV19 Privia Khang Điền,PT1707301,A,TO246245,1101372,CẢI THẢO HOẢ TIỄN VIETGAP,KG,2.0,1.98,0.02,0.02,CO HINH (1 anh),1,https://s3.kingfood.co/double-check/scaled_62332d7b-921e-475f-9d17-d3c4720fb7af863971306596818981.jpg,,hình kdb
495,08/23/2026,PTN,KFM_HCM_Q07 - E72 Phú Thuận,PT1707418,A,TO246224,1100816,DƯA HẤU RUỘT ĐỎ,KG,15.6,15.52,0.08,0.08,CO HINH (1 anh),1,https://s3.kingfood.co/double-check/scaled_6da49c84-3eac-4d83-8a27-efc30872a03e5828417341268156020.jpg,,hình kdb
496,08/23/2026,PTN,KFM_HCM_Q07 - E72 Phú Thuận,PT1707418,A,TO246224,1101062,CHUỐI LABA ĐÀ LẠT,KG,20.1,19.96,0.14,0.14,CO HINH (1 anh),1,https://s3.kingfood.co/double-check/scaled_55857327-b6ff-490e-91ff-caaf7dd89363856140433290574953.jpg,,hình kdb
497,08/23/2026,PTN,KFM_HCM_Q07 - E72 Phú Thuận,PT1707418,A,TO246224,1101079,BƠ 034,KG,3.1,3.08,0.025,0.025,CO HINH (1 anh),1,https://s3.kingfood.co/double-check/scaled_53581399-4129-418b-84b1-ffbf413a79525918515280726049037.jpg,,hình kdb
498,08/23/2026,PVB,KFM_HCM_GVA - 446 Phạm Văn Bạch,PT1707280,A,TO246188,1101062,CHUỐI LABA ĐÀ LẠT,KG,10.0,9.94,0.06,0.06,CHUA CO HINH,0,,tn,Thiếu hình
499,08/23/2026,PVB,KFM_HCM_GVA - 446 Phạm Văn Bạch,PT1707280,A,TO246188,1101079,BƠ 034,KG,3.0,2.96,0.04,0.04,CHUA CO HINH,0,,tn,Thiếu hình
500,08/23/2026,PVB,KFM_HCM_GVA - 446 Phạm Văn Bạch,PT1707280,A,TO246188,1101366,BÔNG CẢI XANH ĐÀ LẠT  (KG),KG,4.0,3.91,0.09,0.09,CHUA CO HINH,0,,tn,Thiếu hình
501,08/23/2026,PVB,KFM_HCM_GVA - 446 Phạm Văn Bạch,PT1707280,A,TO246188,1102035,MẬN ĐÁ ĐƯỜNG,KG,4.0,3.99,0.01,0.01,CHUA CO HINH,0,,tn,Thiếu hình
502,08/23/2026,Q7R,KFM_HCM_Q07 - Lô CD L1-12 Q7 Riverside Đào Trí,PT1707212,A,TO246256,1100816,DƯA HẤU RUỘT ĐỎ,KG,59.8,59.5,0.3,0.3,CO HINH (2 anh),2,"https://s3.kingfood.co/double-check/scaled_e998a25f-cd9a-4e21-81c2-ea22855579b59135675381920146691.jpg
https://s3.kingfood.co/double-check/scaled_2d6228fe-ef63-4d8e-9f15-be2f95556da78663843247534659170.jpg",,hình kdb
503,08/23/2026,Q7R,KFM_HCM_Q07 - Lô CD L1-12 Q7 Riverside Đào Trí,PT1707212,A,TO246256,1100992,DƯA LƯỚI VỎ XANH RUỘT CAM,KG,10.1,9.96,0.14,0.14,CO HINH (1 anh),1,https://s3.kingfood.co/double-check/scaled_90a88bf9-aecd-4736-b597-d120ba4d2bad3587658618703338417.jpg,,hình kdb
504,08/23/2026,Q7R,KFM_HCM_Q07 - Lô CD L1-12 Q7 Riverside Đào Trí,PT1707212,A,TO246256,1101003,DƯA HẤU KHÔNG HẠT,KG,11.0,10.9,0.1,0.1,CO HINH (1 anh),1,https://s3.kingfood.co/double-check/scaled_ed2a8a89-ab87-4a7c-83fc-dc39821ce74b5746330392785243613.jpg,,hình kdb
505,08/23/2026,Q7R,KFM_HCM_Q07 - Lô CD L1-12 Q7 Riverside Đào Trí,PT1707212,A,TO246256,1101062,CHUỐI LABA ĐÀ LẠT,KG,20.2,20.02,0.18,0.18,CO HINH (1 anh),1,https://s3.kingfood.co/double-check/scaled_6382e89b-91c8-4639-ae95-4d980102871f6980806826354657258.jpg,,hình kdb
506,08/23/2026,Q7R,KFM_HCM_Q07 - Lô CD L1-12 Q7 Riverside Đào Trí,PT1707212,A,TO246256,1101079,BƠ 034,KG,15.1,15.04,0.06,0.06,CO HINH (2 anh),2,"https://s3.kingfood.co/double-check/scaled_a0b16528-d9f7-44f7-8797-8f23bed8b86e8332864184522909152.jpg
https://s3.kingfood.co/double-check/scaled_9a588778-d3bc-4e0f-9207-67ad976d5df75285228011873034377.jpg",,hình kdb
507,08/23/2026,Q7R,KFM_HCM_Q07 - Lô CD L1-12 Q7 Riverside Đào Trí,PT1707212,A,TO246256,1101302,CHUỐI GIÀ GIỐNG NAM MỸ,KG,24.0,23.92,0.08,0.08,CO HINH (2 anh),2,"https://s3.kingfood.co/double-check/scaled_0fa1c3f0-df8a-4be9-95e5-afb892095ed06791227912780051932.jpg
https://s3.kingfood.co/double-check/scaled_76273804-6cb5-40d5-a73b-70427bcef8ea3706826856900129838.jpg",,hình kdb
508,08/23/2026,Q7R,KFM_HCM_Q07 - Lô CD L1-12 Q7 Riverside Đào Trí,PT1707212,A,TO246256,1101366,BÔNG CẢI XANH ĐÀ LẠT  (KG),KG,4.1,4.04,0.06,0.06,CO HINH (1 anh),1,https://s3.kingfood.co/double-check/scaled_5a655aee-6e94-4399-b0ad-01f01b380979598455621870818210.jpg,,hình kdb
509,08/23/2026,Q7R,KFM_HCM_Q07 - Lô CD L1-12 Q7 Riverside Đào Trí,PT1707212,A,TO246256,1101812,DƯA HẤU GIỐNG MỸ,KG,14.6,14.5,0.1,0.1,CO HINH (1 anh),1,https://s3.kingfood.co/double-check/scaled_dda14cac-1577-493f-902d-0bf8dad881462656871958263017662.jpg,,hình kdb
510,08/23/2026,Q7R,KFM_HCM_Q07 - Lô CD L1-12 Q7 Riverside Đào Trí,PT1707212,A,TO246256,1101941,DƯA LƯỚI VỎ VÀNG RUỘT CAM,KG,32.0,31.92,0.08,0.08,CO HINH (2 anh),2,"https://s3.kingfood.co/double-check/scaled_0a1c7c0c-23a5-4709-8177-4e1906cc516e5125323101455917694.jpg
https://s3.kingfood.co/double-check/scaled_76c67dcb-5c4c-4271-8ad4-535c2b883f3b1419081682888845448.jpg",,hình kdb
511,08/23/2026,QHG,KFM_HCM_TDU - 59 Quốc Hương,PT1707300,A,TO246309,1101366,BÔNG CẢI XANH ĐÀ LẠT  (KG),KG,4.1,4.04,0.06,0.06,CO HINH (1 anh),1,https://s3.kingfood.co/double-check/scaled_e0c0b6b0-5e4b-4e48-8354-6ab9f4e8774f1675959842515321521.jpg,tn,hình kdb
512,08/23/2026,QHG,KFM_HCM_TDU - 59 Quốc Hương,PT1707300,A,TO246309,1101592,SẦU RIÊNG RI6,KG,9.9,9.76,0.14,0.14,CO HINH (1 anh),1,https://s3.kingfood.co/double-check/scaled_9d76858f-3e29-428c-b08d-efb3894b1d048996696623949241971.jpg,tn,hình kdb
513,08/23/2026,QHG,KFM_HCM_TDU - 59 Quốc Hương,PT1707300,A,TO246309,1101812,DƯA HẤU GIỐNG MỸ,KG,14.8,14.72,0.08,0.08,CO HINH (1 anh),1,https://s3.kingfood.co/double-check/scaled_4fe37c78-5feb-4a50-8a65-19d20ce61ccd7095970259873734825.jpg,tn,hình kdb
514,08/23/2026,RVS,KFM_HCM_Q07 - C0.01 Riverside Phú Mỹ Hưng,PT1707350,A,TO246189,1101003,DƯA HẤU KHÔNG HẠT,KG,33.3,33.2,0.1,0.1,CO HINH (1 anh),1,https://s3.kingfood.co/double-check/scaled_4a8a9a56-2253-4f75-a4e6-1e2207f677e0777266685073480589.jpg,tn,hình kdb
515,08/23/2026,RVS,KFM_HCM_Q07 - C0.01 Riverside Phú Mỹ Hưng,PT1707350,A,TO246189,1101079,BƠ 034,KG,6.0,5.9,0.1,0.1,CO HINH (1 anh),1,https://s3.kingfood.co/double-check/scaled_b9956fec-89e2-4e5f-a72a-6ca5eaafd1df3547534791093005106.jpg,tn,hình kdb
516,08/23/2026,RVS,KFM_HCM_Q07 - C0.01 Riverside Phú Mỹ Hưng,PT1707350,A,TO246189,1101116,DỨA  MD2,KG,8.1,6.62,1.48,0.0,CO HINH (1 anh),1,https://s3.kingfood.co/double-check/scaled_45f537a5-c701-4886-931b-dcaf94bea7ff6560409797320211780.jpg,tn,hình kdb
517,08/23/2026,RVS,KFM_HCM_Q07 - C0.01 Riverside Phú Mỹ Hưng,PT1707350,A,TO246189,1101318,MẬN AN PHƯỚC,KG,4.1,4.08,0.02,0.02,CO HINH (1 anh),1,https://s3.kingfood.co/double-check/scaled_77ac9f17-b946-4c8e-a727-e1441a3cce945950966203307715408.jpg,tn,hình kdb
518,08/23/2026,RVS,KFM_HCM_Q07 - C0.01 Riverside Phú Mỹ Hưng,PT1707350,A,TO246189,1101941,DƯA LƯỚI VỎ VÀNG RUỘT CAM,KG,12.5,12.36,0.14,0.14,CO HINH (1 anh),1,https://s3.kingfood.co/double-check/scaled_6267ec3a-3876-46c1-8dd2-4bc7b20e8b145246511480371504703.jpg,tn,hình kdb
519,08/23/2026,SCV,KFM_HCM_Q07 - B0.02 Scenic Valley 2,PT1707298,A,TO246278,1100816,DƯA HẤU RUỘT ĐỎ,KG,29.2,28.98,0.22,0.22,CO HINH (1 anh),1,https://s3.kingfood.co/double-check/scaled_60fdb3cb-bb9b-47a8-92f2-56acb8a7ab234461684155354444298.jpg,,hình kdb
520,08/23/2026,SCV,KFM_HCM_Q07 - B0.02 Scenic Valley 2,PT1707298,A,TO246278,1100942,BƠ BOOTH,KG,3.0,2.99,0.015,0.015,CO HINH (1 anh),1,https://s3.kingfood.co/double-check/scaled_7bf62e61-48f2-4fb0-848e-66f0e7dba75f7916629592475879731.jpg,,hình kdb
521,08/23/2026,SCV,KFM_HCM_Q07 - B0.02 Scenic Valley 2,PT1707298,A,TO246278,1101062,CHUỐI LABA ĐÀ LẠT,KG,10.0,9.98,0.02,0.02,CO HINH (1 anh),1,https://s3.kingfood.co/double-check/scaled_907554e6-39ee-4899-9cf4-5a3a6a5d0a018848991357975346540.jpg,,hình kdb
522,08/23/2026,SCV,KFM_HCM_Q07 - B0.02 Scenic Valley 2,PT1707298,A,TO246278,1101079,BƠ 034,KG,3.0,2.97,0.03,0.03,CO HINH (1 anh),1,https://s3.kingfood.co/double-check/scaled_bbfa4400-5f76-4bd5-9414-1a42330364b11776809203162172197.jpg,,hình kdb
523,08/23/2026,SCV,KFM_HCM_Q07 - B0.02 Scenic Valley 2,PT1707298,A,TO246278,1101318,MẬN AN PHƯỚC,KG,4.1,4.04,0.065,0.065,CO HINH (1 anh),1,https://s3.kingfood.co/double-check/scaled_70eea53f-3296-4efe-a605-297cb4a2546c4625933882861484432.jpg,,hình kdb
524,08/23/2026,SCV,KFM_HCM_Q07 - B0.02 Scenic Valley 2,PT1707298,A,TO246278,1101377,BÔNG CẢI TRẮNG ĐÀ LẠT VIETGAP,KG,2.0,1.94,0.065,0.065,CO HINH (1 anh),1,https://s3.kingfood.co/double-check/scaled_923cd46a-a0e7-41e3-b1a4-3a031e2a5e632148856060020854609.jpg,,hình kdb
525,08/23/2026,SCV,KFM_HCM_Q07 - B0.02 Scenic Valley 2,PT1707298,A,TO246278,1101592,SẦU RIÊNG RI6,KG,10.0,9.82,0.18,0.18,CO HINH (1 anh),1,https://s3.kingfood.co/double-check/scaled_6df6f451-1133-4485-bf6b-5a40a94e78344206269747579873539.jpg,,hình kdb
526,08/23/2026,SCV,KFM_HCM_Q07 - B0.02 Scenic Valley 2,PT1707298,A,TO246278,1101941,DƯA LƯỚI VỎ VÀNG RUỘT CAM,KG,12.1,11.94,0.16,0.16,CO HINH (1 anh),1,https://s3.kingfood.co/double-check/scaled_9ba5462d-3c99-4dc7-911f-865eb456fcda7841761271660827076.jpg,,hình kdb
527,08/23/2026,SCV,KFM_HCM_Q07 - B0.02 Scenic Valley 2,PT1707298,A,TO246278,1102035,MẬN ĐÁ ĐƯỜNG,KG,4.0,3.98,0.02,0.02,CO HINH (1 anh),1,https://s3.kingfood.co/double-check/scaled_cb37a31b-f6f6-4582-b4e1-dff84aee25013597892823611622345.jpg,,hình kdb
528,08/23/2026,SFR,KFM_HCM_TDU - D1-1.24 SAFIRA Khang Điền,PT1707210,A,TO246251,1100271,XOÀI CÁT CHU VÀNG,KG,6.0,5.98,0.02,0.02,CHUA CO HINH,0,,tn,Thiếu hình
529,08/23/2026,SFR,KFM_HCM_TDU - D1-1.24 SAFIRA Khang Điền,PT1707210,A,TO246251,1100816,DƯA HẤU RUỘT ĐỎ,KG,44.5,44.1,0.4,0.4,CHUA CO HINH,0,,tn,Thiếu hình
530,08/23/2026,SFR,KFM_HCM_TDU - D1-1.24 SAFIRA Khang Điền,PT1707210,A,TO246251,1100942,BƠ BOOTH,KG,3.0,2.97,0.03,0.03,CHUA CO HINH,0,,tn,Thiếu hình
531,08/23/2026,SFR,KFM_HCM_TDU - D1-1.24 SAFIRA Khang Điền,PT1707210,A,TO246251,1100992,DƯA LƯỚI VỎ XANH RUỘT CAM,KG,10.0,9.92,0.08,0.08,CHUA CO HINH,0,,tn,Thiếu hình
532,08/23/2026,SFR,KFM_HCM_TDU - D1-1.24 SAFIRA Khang Điền,PT1707210,A,TO246251,1101003,DƯA HẤU KHÔNG HẠT,KG,11.8,11.68,0.12,0.12,CHUA CO HINH,0,,tn,Thiếu hình
533,08/23/2026,SFR,KFM_HCM_TDU - D1-1.24 SAFIRA Khang Điền,PT1707210,A,TO246251,1101062,CHUỐI LABA ĐÀ LẠT,KG,20.1,19.86,0.24,0.24,CHUA CO HINH,0,,tn,Thiếu hình
534,08/23/2026,SFR,KFM_HCM_TDU - D1-1.24 SAFIRA Khang Điền,PT1707210,A,TO246251,1101079,BƠ 034,KG,9.1,8.95,0.155,0.155,CHUA CO HINH,0,,tn,Thiếu hình
535,08/23/2026,SFR,KFM_HCM_TDU - D1-1.24 SAFIRA Khang Điền,PT1707210,A,TO246251,1101116,DỨA  MD2,KG,8.1,7.92,0.18,0.18,CHUA CO HINH,0,,tn,Thiếu hình
536,08/23/2026,SFR,KFM_HCM_TDU - D1-1.24 SAFIRA Khang Điền,PT1707210,A,TO246251,1101302,CHUỐI GIÀ GIỐNG NAM MỸ,KG,32.0,31.54,0.46,0.46,CHUA CO HINH,0,,tn,Thiếu hình
537,08/23/2026,SFR,KFM_HCM_TDU - D1-1.24 SAFIRA Khang Điền,PT1707210,A,TO246251,1101592,SẦU RIÊNG RI6,KG,10.1,9.86,0.24,0.24,CHUA CO HINH,0,,tn,Thiếu hình
538,08/23/2026,SFR,KFM_HCM_TDU - D1-1.24 SAFIRA Khang Điền,PT1707210,A,TO246251,1101812,DƯA HẤU GIỐNG MỸ,KG,15.0,14.84,0.16,0.16,CHUA CO HINH,0,,tn,Thiếu hình
539,08/23/2026,SFR,KFM_HCM_TDU - D1-1.24 SAFIRA Khang Điền,PT1707210,A,TO246251,1101941,DƯA LƯỚI VỎ VÀNG RUỘT CAM,KG,24.7,24.36,0.34,0.34,CHUA CO HINH,0,,tn,Thiếu hình
540,08/23/2026,SSR,KFM_HCM_NBE - SH14-15 Saigon South Residences,PT1707199,A,TO246113,1100816,DƯA HẤU RUỘT ĐỎ,KG,30.5,30.32,0.18,0.18,CO HINH (2 anh),2,"https://s3.kingfood.co/double-check/scaled_3ce45294-b6cd-4b52-abd8-ad1658ecdcd14609340763926214162.jpg
https://s3.kingfood.co/double-check/scaled_82bd384b-d87c-443e-98df-212dfcbc41044040084737751494938.jpg",,hình kdb
541,08/23/2026,SSR,KFM_HCM_NBE - SH14-15 Saigon South Residences,PT1707199,A,TO246113,1101094,MÍT GIỐNG THÁI CẮT MIÊNG,KG,3.0,2.99,0.015,0.015,CO HINH (1 anh),1,https://s3.kingfood.co/double-check/scaled_68997373-2f6e-4fde-94a7-81887f1db41b4449919356392995560.jpg,,hình kdb
542,08/23/2026,SSR,KFM_HCM_NBE - SH14-15 Saigon South Residences,PT1707199,A,TO246113,1101592,SẦU RIÊNG RI6,KG,10.2,10.1,0.1,0.1,CO HINH (1 anh),1,https://s3.kingfood.co/double-check/scaled_73e03a45-f583-40b1-b7e3-96accf80302b6635526440368851208.jpg,,hình kdb
543,08/23/2026,SSR,KFM_HCM_NBE - SH14-15 Saigon South Residences,PT1707199,A,TO246113,1101812,DƯA HẤU GIỐNG MỸ,KG,15.2,15.12,0.08,0.08,CO HINH (1 anh),1,https://s3.kingfood.co/double-check/scaled_014d39f3-b139-4143-bf5f-5fab844b31a56364131564321791045.jpg,,hình kdb
544,08/23/2026,SSR,KFM_HCM_NBE - SH14-15 Saigon South Residences,PT1707199,A,TO246113,1102035,MẬN ĐÁ ĐƯỜNG,KG,4.0,3.94,0.065,0.065,CO HINH (1 anh),1,https://s3.kingfood.co/double-check/scaled_af9df7c8-150a-4ee9-b67a-7056db21e31e7528431954248561189.jpg,,hình kdb
545,08/23/2026,THD,KFM_HCM_Q06 - 229A Tân Hòa Đông,PT1707297,A,TO246001,1101366,BÔNG CẢI XANH ĐÀ LẠT  (KG),KG,4.1,4.08,0.02,0.02,CO HINH (1 anh),1,https://s3.kingfood.co/double-check/scaled_fccea033-dfce-436c-b669-48c73d8a94226915526482553870087.jpg,,hình kdb
546,08/23/2026,THN,KFM_HCM_TDU - 02 Tạ Hiện,PT1707357,A,TO246231,1100816,DƯA HẤU RUỘT ĐỎ,KG,45.8,30.06,15.74,0.0,CO HINH (1 anh),1,https://s3.kingfood.co/double-check/scaled_727e8a6a-234c-4f15-98fa-3dfca2d6a37d1192577931496348268.jpg,tn,hình kdb
547,08/23/2026,THN,KFM_HCM_TDU - 02 Tạ Hiện,PT1707357,A,TO246231,1100917,BÍ ĐỎ TRÒN,KG,7.6,7.56,0.04,0.04,CO HINH (1 anh),1,https://s3.kingfood.co/double-check/scaled_1211dba6-daf0-415b-b5d6-5aeed2ccc6f74253962200097214601.jpg,tn,hình kdb
548,08/23/2026,THN,KFM_HCM_TDU - 02 Tạ Hiện,PT1707357,A,TO246231,1100992,DƯA LƯỚI VỎ XANH RUỘT CAM,KG,10.1,10.04,0.06,0.06,CO HINH (1 anh),1,https://s3.kingfood.co/double-check/scaled_60c4fdd4-7a4a-406c-8c40-a25f2c8dfc00829327067645418276.jpg,tn,hình kdb
549,08/23/2026,THN,KFM_HCM_TDU - 02 Tạ Hiện,PT1707357,A,TO246231,1101003,DƯA HẤU KHÔNG HẠT,KG,20.8,20.62,0.18,0.18,CO HINH (1 anh),1,https://s3.kingfood.co/double-check/scaled_07a7a652-d27e-46e7-a42f-02ad46c2d5df604701562086600277.jpg,tn,hình kdb
550,08/23/2026,THN,KFM_HCM_TDU - 02 Tạ Hiện,PT1707357,A,TO246231,1101062,CHUỐI LABA ĐÀ LẠT,KG,20.2,20.1,0.1,0.1,CO HINH (1 anh),1,https://s3.kingfood.co/double-check/scaled_3f5d64da-0e99-4f67-a8c6-e1eb765856ce7531754262928478964.jpg,tn,hình kdb
551,08/23/2026,THN,KFM_HCM_TDU - 02 Tạ Hiện,PT1707357,A,TO246231,1101079,BƠ 034,KG,21.2,21.04,0.16,0.16,CO HINH (2 anh),2,"https://s3.kingfood.co/double-check/scaled_8cd5da22-fcf6-4473-8638-99473dfc58171803821384734649874.jpg
https://s3.kingfood.co/double-check/scaled_45e00d43-6811-4cd5-8a2d-c4d22269ca137967849762457911378.jpg",tn,hình kdb
552,08/23/2026,THN,KFM_HCM_TDU - 02 Tạ Hiện,PT1707357,A,TO246231,1101116,DỨA  MD2,KG,23.8,23.34,0.46,0.46,CO HINH (1 anh),1,https://s3.kingfood.co/double-check/scaled_83790284-1ac8-443d-8a47-e35c1c9a72b26951001153318725768.jpg,tn,hình kdb
553,08/23/2026,THN,KFM_HCM_TDU - 02 Tạ Hiện,PT1707357,A,TO246231,1101305,HỒNG GIÒN MỘC CHÂU,KG,3.0,0.0,3.0,0.0,CHUA CO HINH,0,,tn,Thiếu hình
554,08/23/2026,THN,KFM_HCM_TDU - 02 Tạ Hiện,PT1707357,A,TO246231,1101318,MẬN AN PHƯỚC,KG,4.1,4.08,0.02,0.02,CO HINH (1 anh),1,https://s3.kingfood.co/double-check/scaled_22549763-da8a-4f00-b09c-7c5fb5c53f864762622685102784297.jpg,tn,hình kdb
555,08/23/2026,THN,KFM_HCM_TDU - 02 Tạ Hiện,PT1707357,A,TO246231,1101366,BÔNG CẢI XANH ĐÀ LẠT  (KG),KG,8.5,8.46,0.04,0.04,CO HINH (2 anh),2,"https://s3.kingfood.co/double-check/scaled_63f8659f-3fd7-47e2-aba6-a641e2611af89108924197667246924.jpg
https://s3.kingfood.co/double-check/scaled_e6dc5328-d079-4361-89f8-c074ca0648786732862592912792430.jpg",tn,hình kdb
556,08/23/2026,THN,KFM_HCM_TDU - 02 Tạ Hiện,PT1707357,A,TO246231,1101377,BÔNG CẢI TRẮNG ĐÀ LẠT VIETGAP,KG,2.1,2.08,0.02,0.02,CO HINH (1 anh),1,https://s3.kingfood.co/double-check/scaled_3c417b09-fa90-4ff5-9012-a3695df6c1a94344671012592623417.jpg,tn,hình kdb
557,08/23/2026,THN,KFM_HCM_TDU - 02 Tạ Hiện,PT1707357,A,TO246231,1101812,DƯA HẤU GIỐNG MỸ,KG,14.4,14.3,0.1,0.1,CO HINH (1 anh),1,https://s3.kingfood.co/double-check/scaled_e2467306-666d-4eca-89b9-8b62c5c3c17a8697453577991211742.jpg,tn,hình kdb
558,08/23/2026,THN,KFM_HCM_TDU - 02 Tạ Hiện,PT1707357,A,TO246231,1101941,DƯA LƯỚI VỎ VÀNG RUỘT CAM,KG,35.5,35.18,0.32,0.32,CO HINH (1 anh),1,https://s3.kingfood.co/double-check/scaled_39838b55-452c-4963-80a5-2cda654431955378224849745248524.jpg,tn,hình kdb
559,08/23/2026,TMY,KFM_HCM_Q07 - 31 Tân Mỹ,PT1707206,A,TO246249,1100816,DƯA HẤU RUỘT ĐỎ,KG,110.4,109.78,0.62,0.62,CO HINH (8 anh),8,"https://s3.kingfood.co/double-check/image_picker_4DDBAAA0-F722-4F8F-9112-4ED16E1D17C2-31059-00000C6E6F2DF610.jpg
https://s3.kingfood.co/double-check/image_picker_2A5F24F1-E4D0-46AA-9639-8A42C3F4D37B-31059-00000C6F4D42BC2A.jpg
https://s3.kingfood.co/double-check/image_picker_745F64C9-9BEC-4B9B-97D6-5FF994296169-31059-00000C6F75289038.jpg
https://s3.kingfood.co/double-check/image_picker_451994B7-639A-416A-89FF-6B1939433765-31059-00000C6F856E3ABC.jpg
https://s3.kingfood.co/double-check/image_picker_11B351CC-D137-4DBB-AAED-85E527AAB294-31059-00000C6FAFA449A3.jpg
https://s3.kingfood.co/double-check/image_picker_748BC90D-F037-4339-B773-DD73DE70ED4E-31059-00000C6FF756D1D7.jpg
https://s3.kingfood.co/double-check/image_picker_C23C7C77-99CA-492F-B5A3-386410ABB05F-31059-00000C7044F1804C.jpg
https://s3.kingfood.co/double-check/image_picker_DEB1C945-0F61-4A69-BB14-968B723CFACB-31059-00000C705CF75952.jpg",tn,hình kdb
560,08/23/2026,TMY,KFM_HCM_Q07 - 31 Tân Mỹ,PT1707206,A,TO246249,1100942,BƠ BOOTH,KG,3.0,2.98,0.02,0.02,CO HINH (1 anh),1,https://s3.kingfood.co/double-check/image_picker_313C6C82-F513-46FF-93D3-D22EC49EC1D4-31059-00000C6E2897439A.jpg,tn,hình kdb
561,08/23/2026,TMY,KFM_HCM_Q07 - 31 Tân Mỹ,PT1707206,A,TO246249,1100992,DƯA LƯỚI VỎ XANH RUỘT CAM,KG,10.1,9.96,0.14,0.14,CO HINH (1 anh),1,https://s3.kingfood.co/double-check/image_picker_D9834228-5F0D-4183-A0C4-D0595F9861D0-31059-00000C6EEF7D5DFB.jpg,tn,hình kdb
562,08/23/2026,TMY,KFM_HCM_Q07 - 31 Tân Mỹ,PT1707206,A,TO246249,1101003,DƯA HẤU KHÔNG HẠT,KG,10.8,10.74,0.06,0.06,CO HINH (1 anh),1,https://s3.kingfood.co/double-check/image_picker_2FC011C0-AB3C-413B-98E1-10D57583EC78-30611-00000C44773CA7EC.jpg,tn,hình kdb
563,08/23/2026,TMY,KFM_HCM_Q07 - 31 Tân Mỹ,PT1707206,A,TO246249,1101055,DƯA LÊ TRẮNG,KG,3.0,2.94,0.06,0.06,CO HINH (1 anh),1,https://s3.kingfood.co/double-check/image_picker_98FD7A46-82EA-439A-A45D-A91792D55991-31059-00000C70D16EBCFD.jpg,tn,hình kdb
564,08/23/2026,TMY,KFM_HCM_Q07 - 31 Tân Mỹ,PT1707206,A,TO246249,1101062,CHUỐI LABA ĐÀ LẠT,KG,20.3,20.22,0.08,0.08,CO HINH (2 anh),2,"https://s3.kingfood.co/double-check/image_picker_F681315A-98E2-4711-B67E-65D01846C74F-31059-00000C6D9F400F50.jpg
https://s3.kingfood.co/double-check/image_picker_6566458A-BD1E-4BBF-978D-4DFD2441EE65-31059-00000C6DEE081557.jpg",tn,hình kdb
565,08/23/2026,TMY,KFM_HCM_Q07 - 31 Tân Mỹ,PT1707206,A,TO246249,1101318,MẬN AN PHƯỚC,KG,4.0,3.98,0.02,0.02,CO HINH (1 anh),1,https://s3.kingfood.co/double-check/image_picker_D4D54D41-87CD-45FB-BA7F-29760C513557-31059-00000C7144454B8E.jpg,tn,hình kdb
566,08/23/2026,TMY,KFM_HCM_Q07 - 31 Tân Mỹ,PT1707206,A,TO246249,1101991,LÊ ĐƯỜNG HÀ GIANG,KG,4.0,3.98,0.02,0.02,CO HINH (1 anh),1,https://s3.kingfood.co/double-check/image_picker_3707B671-C176-4A90-BA22-AA3451121C30-31059-00000C6ECD6B39AD.jpg,tn,hình kdb
567,08/23/2026,TMY,KFM_HCM_Q07 - 31 Tân Mỹ,PT1707206,A,TO246249,1101992,XOÀI TỨ QUÝ,KG,3.0,2.98,0.02,0.02,CO HINH (1 anh),1,https://s3.kingfood.co/double-check/image_picker_3999A64D-06EC-472C-8B09-376D20204B13-31059-00000C6EABF14632.jpg,tn,hình kdb
568,08/23/2026,TNO,KFM_HCM_TDU - 46 Trần Não,PT1707296,A,TO246137,1101116,DỨA  MD2,KG,8.1,8.0,0.1,0.1,CO HINH (1 anh),1,https://s3.kingfood.co/double-check/scaled_64a022ee-e0f3-4333-a796-70e41a383df25995054311539059784.jpg,tn,hình kdb
569,08/23/2026,TNT,KFM_HCM_GVA - 195 Thống Nhất,PT1707122,A,TO245989,1101003,DƯA HẤU KHÔNG HẠT,KG,10.4,10.25,0.15,0.15,CO HINH (1 anh),1,https://s3.kingfood.co/double-check/scaled_5701ad2e-a3a5-4c79-a152-60b32e3a5f0c1026258681865181524.jpg,tn,hình kdb
570,08/23/2026,TSO,KFM_HCM_Q10 - BB17 Trường Sơn,PT1707196,A,TO246174,1100816,DƯA HẤU RUỘT ĐỎ,KG,43.8,43.5,0.3,0.3,CO HINH (3 anh),3,"https://s3.kingfood.co/double-check/scaled_6cae24ef-26d6-4d0d-b4a6-33bd8bf23123272374661470712266.jpg
https://s3.kingfood.co/double-check/scaled_1bc1fa79-3363-475c-a880-a76798dee2e8507356731964089413.jpg
https://s3.kingfood.co/double-check/scaled_7f6116e5-0f2a-469c-a8ce-3b221ed53e292050996463936807108.jpg",tn,hình kdb
571,08/23/2026,TSO,KFM_HCM_Q10 - BB17 Trường Sơn,PT1707196,A,TO246174,1100867,BƯỞI DA XANH LOẠI 1,KG,11.5,11.49,0.015,0.015,CO HINH (2 anh),2,"https://s3.kingfood.co/double-check/scaled_cbf61f16-e41d-4567-b814-fa570d63c1f83298041723776667542.jpg
https://s3.kingfood.co/double-check/scaled_10661ab4-e1b2-43c5-b8a6-14f35ccf23671049093706618379619.jpg",tn,hình kdb
572,08/23/2026,TSO,KFM_HCM_Q10 - BB17 Trường Sơn,PT1707196,A,TO246174,1100992,DƯA LƯỚI VỎ XANH RUỘT CAM,KG,20.0,19.96,0.04,0.04,CO HINH (2 anh),2,"https://s3.kingfood.co/double-check/scaled_6ae23197-baac-45e7-bdbf-97de6a496a848743045106256741089.jpg
https://s3.kingfood.co/double-check/scaled_5d000ac2-e009-4d73-b3d9-2dee16bfa6558607611737607558107.jpg",tn,hình kdb
573,08/23/2026,TSO,KFM_HCM_Q10 - BB17 Trường Sơn,PT1707196,A,TO246174,1101116,DỨA  MD2,KG,8.2,8.06,0.145,0.145,CO HINH (2 anh),2,"https://s3.kingfood.co/double-check/scaled_db5646f4-8ffa-4ba8-9240-ceb1d7d13113706353768019685055.jpg
https://s3.kingfood.co/double-check/scaled_96b8e5ba-667d-4866-b9ef-b3adf797d2ff726871412254164290.jpg",tn,hình kdb
574,08/23/2026,TSO,KFM_HCM_Q10 - BB17 Trường Sơn,PT1707196,A,TO246174,1101366,BÔNG CẢI XANH ĐÀ LẠT  (KG),KG,12.9,12.83,0.07,0.07,CO HINH (2 anh),2,"https://s3.kingfood.co/double-check/scaled_a43e43f8-cf12-4232-bafd-081c743f55cb7648790263134235269.jpg
https://s3.kingfood.co/double-check/scaled_188e426b-9388-4e1d-89e4-c63198f750e14505150417888416961.jpg",tn,hình kdb
575,08/23/2026,TVK,KFM_HCM_TPH - 66 Trương Vĩnh Ký,PT1707295,A,TO246017,1100271,XOÀI CÁT CHU VÀNG,KG,3.0,2.99,0.01,0.01,CHUA CO HINH,0,,thieu,Thiếu hình
576,08/23/2026,TVK,KFM_HCM_TPH - 66 Trương Vĩnh Ký,PT1707295,A,TO246017,1101992,XOÀI TỨ QUÝ,KG,3.0,2.72,0.285,0.285,CHUA CO HINH,0,,thieu,Thiếu hình
577,08/23/2026,VGP,KFM_HCM_TDU - S06.06 Vinhomes Grand Park,PT1707191,A,TO246210,1100816,DƯA HẤU RUỘT ĐỎ,KG,29.0,24.8,4.2,0.0,CO HINH (2 anh),2,"https://s3.kingfood.co/double-check/scaled_b750ed12-dc7c-4d8e-b4ca-cb4878ef7eac6352135534816153207.jpg
https://s3.kingfood.co/double-check/scaled_abe556e3-b17d-409b-be15-fc9c4ca271576311881461991669829.jpg",,hình kdb
578,08/23/2026,VGP,KFM_HCM_TDU - S06.06 Vinhomes Grand Park,PT1707191,A,TO246210,1100942,BƠ BOOTH,KG,3.0,2.96,0.04,0.04,CO HINH (1 anh),1,https://s3.kingfood.co/double-check/scaled_065e77e1-9595-418f-b9c3-293409160dca5712162702736545524.jpg,,hình kdb
579,08/23/2026,VGP,KFM_HCM_TDU - S06.06 Vinhomes Grand Park,PT1707191,A,TO246210,1101055,DƯA LÊ TRẮNG,KG,3.0,2.98,0.02,0.02,CO HINH (1 anh),1,https://s3.kingfood.co/double-check/scaled_0d33723c-398a-401a-8ef2-70092237bea06580144147915877653.jpg,,hình kdb
580,08/23/2026,VGP,KFM_HCM_TDU - S06.06 Vinhomes Grand Park,PT1707191,A,TO246210,1101062,CHUỐI LABA ĐÀ LẠT,KG,20.1,20.02,0.08,0.08,CO HINH (1 anh),1,https://s3.kingfood.co/double-check/scaled_a75da07e-6e99-4b14-9bc2-dffea329a9b47415694272837154132.jpg,,hình kdb
581,08/23/2026,VGP,KFM_HCM_TDU - S06.06 Vinhomes Grand Park,PT1707191,A,TO246210,1101077,CHANH DÂY,KG,3.0,0.0,3.0,0.0,CHUA CO HINH,0,,,Thiếu hình
582,08/23/2026,VGP,KFM_HCM_TDU - S06.06 Vinhomes Grand Park,PT1707191,A,TO246210,1101079,BƠ 034,KG,6.1,6.02,0.08,0.08,CO HINH (1 anh),1,https://s3.kingfood.co/double-check/scaled_f442276a-6625-4619-aba2-a692339c843f49857763784601665.jpg,,hình kdb
583,08/23/2026,VGP,KFM_HCM_TDU - S06.06 Vinhomes Grand Park,PT1707191,A,TO246210,1101094,MÍT GIỐNG THÁI CẮT MIÊNG,KG,3.0,2.98,0.02,0.02,CO HINH (1 anh),1,https://s3.kingfood.co/double-check/scaled_4d4ca0ff-d7ac-4a78-b679-cec2781a363a1384406977410499681.jpg,,hình kdb
584,08/23/2026,VGP,KFM_HCM_TDU - S06.06 Vinhomes Grand Park,PT1707191,A,TO246210,1101116,DỨA  MD2,KG,8.0,7.9,0.1,0.1,CO HINH (1 anh),1,https://s3.kingfood.co/double-check/scaled_e174002a-b39e-4ada-aaff-603e6dc27a432898304289422548217.jpg,,hình kdb
585,08/23/2026,VGP,KFM_HCM_TDU - S06.06 Vinhomes Grand Park,PT1707191,A,TO246210,1101366,BÔNG CẢI XANH ĐÀ LẠT  (KG),KG,4.1,4.0,0.1,0.1,CO HINH (1 anh),1,https://s3.kingfood.co/double-check/scaled_20182430-39bf-477e-bce0-25474f78dae51843072174273967772.jpg,,hình kdb
586,08/23/2026,VGP,KFM_HCM_TDU - S06.06 Vinhomes Grand Park,PT1707191,A,TO246210,1101941,DƯA LƯỚI VỎ VÀNG RUỘT CAM,KG,11.8,11.72,0.08,0.08,CO HINH (1 anh),1,https://s3.kingfood.co/double-check/scaled_a0bf5d78-270d-493d-9850-f8539917317d462790775222524665.jpg,,hình kdb
587,08/23/2026,VH2,KFM_HCM_TDU - S10.02 Vinhomes Grand Park,PT1707294,A,TO246320,1100816,DƯA HẤU RUỘT ĐỎ,KG,104.9,104.32,0.58,0.58,CHUA CO HINH,0,,,Thiếu hình
588,08/23/2026,VH2,KFM_HCM_TDU - S10.02 Vinhomes Grand Park,PT1707294,A,TO246320,1100867,BƯỞI DA XANH LOẠI 1,KG,6.2,6.16,0.04,0.04,CO HINH (1 anh),1,https://s3.kingfood.co/double-check/scaled_f159c2b1-d460-46f8-84f8-7fd89c0816532201837762754742498.jpg,,hình kdb
589,08/23/2026,VH2,KFM_HCM_TDU - S10.02 Vinhomes Grand Park,PT1707294,A,TO246320,1100942,BƠ BOOTH,KG,3.0,2.98,0.02,0.02,CO HINH (1 anh),1,https://s3.kingfood.co/double-check/scaled_d458d3f3-b849-4f55-a25e-51e4ded9708b6010819654189456784.jpg,,hình kdb
590,08/23/2026,VH2,KFM_HCM_TDU - S10.02 Vinhomes Grand Park,PT1707294,A,TO246320,1101003,DƯA HẤU KHÔNG HẠT,KG,30.7,30.54,0.16,0.16,CO HINH (1 anh),1,https://s3.kingfood.co/double-check/scaled_f0d4dfc8-ad34-4457-8ca3-78836d0bd5e88048176701108241430.jpg,,hình kdb
591,08/23/2026,VH2,KFM_HCM_TDU - S10.02 Vinhomes Grand Park,PT1707294,A,TO246320,1101062,CHUỐI LABA ĐÀ LẠT,KG,30.1,29.7,0.4,0.4,CO HINH (1 anh),1,https://s3.kingfood.co/double-check/scaled_110b572c-a161-4520-812f-7f4791f8335b8180279752311785569.jpg,,hình kdb
592,08/23/2026,VH2,KFM_HCM_TDU - S10.02 Vinhomes Grand Park,PT1707294,A,TO246320,1101079,BƠ 034,KG,9.3,9.16,0.14,0.14,CO HINH (1 anh),1,https://s3.kingfood.co/double-check/scaled_5cc37817-4d0d-4e80-b370-cdd9d6be3a874335486057355563820.jpg,,hình kdb
593,08/23/2026,VH2,KFM_HCM_TDU - S10.02 Vinhomes Grand Park,PT1707294,A,TO246320,1101302,CHUỐI GIÀ GIỐNG NAM MỸ,KG,16.0,15.98,0.02,0.02,CO HINH (1 anh),1,https://s3.kingfood.co/double-check/scaled_ef61528a-0834-4780-b9c9-faf8abe7df332627396597009246116.jpg,,hình kdb
594,08/23/2026,VH2,KFM_HCM_TDU - S10.02 Vinhomes Grand Park,PT1707294,A,TO246320,1101305,HỒNG GIÒN MỘC CHÂU,KG,3.3,3.26,0.04,0.04,CO HINH (1 anh),1,https://s3.kingfood.co/double-check/scaled_5268c6d4-57e6-420a-b861-1fce521a67a48680896615824167487.jpg,,hình kdb
595,08/23/2026,VH2,KFM_HCM_TDU - S10.02 Vinhomes Grand Park,PT1707294,A,TO246320,1101812,DƯA HẤU GIỐNG MỸ,KG,15.5,15.4,0.1,0.1,CHUA CO HINH,0,,,Thiếu hình
596,08/23/2026,VH2,KFM_HCM_TDU - S10.02 Vinhomes Grand Park,PT1707294,A,TO246320,1101941,DƯA LƯỚI VỎ VÀNG RUỘT CAM,KG,23.9,23.7,0.2,0.2,CO HINH (1 anh),1,https://s3.kingfood.co/double-check/scaled_5fada0ea-6b03-465f-9c30-e8c3e1445f9d5137645675530645000.jpg,,hình kdb
597,08/23/2026,VH3,KFM_HCM_TDU - S1.05 Vinhomes Grand Park,PT1707293,A,TO246298,1100816,DƯA HẤU RUỘT ĐỎ,KG,30.6,30.32,0.28,0.28,CO HINH (2 anh),2,"https://s3.kingfood.co/double-check/scaled_df0c4339-6a1c-4527-b217-50bf577b762d860586652736254870.jpg
https://s3.kingfood.co/double-check/scaled_36e205b0-e36e-49c8-8d83-fa0f85f3b13c5660278180626922673.jpg",,hình kdb
598,08/23/2026,VH3,KFM_HCM_TDU - S1.05 Vinhomes Grand Park,PT1707293,A,TO246298,1100992,DƯA LƯỚI VỎ XANH RUỘT CAM,KG,10.1,10.02,0.08,0.08,CO HINH (1 anh),1,https://s3.kingfood.co/double-check/scaled_56b3bc9e-e4fe-4dad-b476-2a82fdd17cb94086153976637660449.jpg,,hình kdb
599,08/23/2026,VH3,KFM_HCM_TDU - S1.05 Vinhomes Grand Park,PT1707293,A,TO246298,1101003,DƯA HẤU KHÔNG HẠT,KG,10.2,10.12,0.08,0.08,CO HINH (1 anh),1,https://s3.kingfood.co/double-check/scaled_ce40aab0-b25d-48de-a49f-98fc319fcedd5706344995439644929.jpg,,hình kdb
600,08/23/2026,VH3,KFM_HCM_TDU - S1.05 Vinhomes Grand Park,PT1707293,A,TO246298,1101062,CHUỐI LABA ĐÀ LẠT,KG,10.1,9.96,0.14,0.14,CO HINH (1 anh),1,https://s3.kingfood.co/double-check/scaled_cd43186b-9000-43da-b36a-45ad1ac526c71493635548906407621.jpg,,hình kdb
601,08/23/2026,VH3,KFM_HCM_TDU - S1.05 Vinhomes Grand Park,PT1707293,A,TO246298,1101079,BƠ 034,KG,3.1,3.04,0.06,0.06,CO HINH (1 anh),1,https://s3.kingfood.co/double-check/scaled_5dc12d56-f504-447f-b278-02803a6d7301207223908378083792.jpg,,hình kdb
602,08/23/2026,VH3,KFM_HCM_TDU - S1.05 Vinhomes Grand Park,PT1707293,A,TO246298,1101094,MÍT GIỐNG THÁI CẮT MIÊNG,KG,3.0,2.98,0.02,0.02,CO HINH (1 anh),1,https://s3.kingfood.co/double-check/scaled_f3d112e3-2b5a-4bbe-a3f3-11351c0b92bd4503975418048017739.jpg,,hình kdb
603,08/23/2026,VH3,KFM_HCM_TDU - S1.05 Vinhomes Grand Park,PT1707293,A,TO246298,1101366,BÔNG CẢI XANH ĐÀ LẠT  (KG),KG,4.0,3.94,0.06,0.06,CO HINH (1 anh),1,https://s3.kingfood.co/double-check/scaled_0dc47320-8c07-4684-89e5-16ce97b9ba2b9159388936300463546.jpg,,hình kdb
604,08/23/2026,VH3,KFM_HCM_TDU - S1.05 Vinhomes Grand Park,PT1707293,A,TO246298,1101372,CẢI THẢO HOẢ TIỄN VIETGAP,KG,2.0,1.94,0.06,0.06,CO HINH (1 anh),1,https://s3.kingfood.co/double-check/scaled_8fe0ee5d-b890-44bb-8690-5217177c4e7d8588621832267125673.jpg,,hình kdb
605,08/23/2026,VH3,KFM_HCM_TDU - S1.05 Vinhomes Grand Park,PT1707293,A,TO246298,1101812,DƯA HẤU GIỐNG MỸ,KG,14.7,14.58,0.12,0.12,CO HINH (1 anh),1,https://s3.kingfood.co/double-check/scaled_42851ccc-0d94-4aa2-8e56-1454fb91951b6959840414161898671.jpg,,hình kdb
606,08/23/2026,VH3,KFM_HCM_TDU - S1.05 Vinhomes Grand Park,PT1707293,A,TO246298,1101941,DƯA LƯỚI VỎ VÀNG RUỘT CAM,KG,12.0,11.88,0.12,0.12,CO HINH (1 anh),1,https://s3.kingfood.co/double-check/scaled_ba10d861-72ba-4756-9d6c-b34b557acfc03185027981933854259.jpg,,hình kdb
607,08/23/2026,VH4,KFM_HCM_TDU - S07.02 Vinhomes Grand Park,PT1707197,A,TO246204,1101116,DỨA  MD2,KG,8.2,8.1,0.1,0.1,CO HINH (1 anh),1,https://s3.kingfood.co/double-check/scaled_92026d79-1aef-4c1d-af7f-e3ccedb84b2b5720092844634035918.jpg,,hình kdb
608,08/23/2026,VH4,KFM_HCM_TDU - S07.02 Vinhomes Grand Park,PT1707197,A,TO246204,1101366,BÔNG CẢI XANH ĐÀ LẠT  (KG),KG,4.3,4.28,0.02,0.02,CHUA CO HINH,0,,,Thiếu hình
609,08/23/2026,VH5,KFM_HCM_TDU - S03.05 Vinhomes Grand Park,PT1707064,A,TO246237,1100816,DƯA HẤU RUỘT ĐỎ,KG,15.2,15.08,0.12,0.12,CHUA CO HINH,0,,,Thiếu hình
610,08/23/2026,VH5,KFM_HCM_TDU - S03.05 Vinhomes Grand Park,PT1707064,A,TO246237,1101003,DƯA HẤU KHÔNG HẠT,KG,11.4,11.34,0.06,0.06,CHUA CO HINH,0,,,Thiếu hình
611,08/23/2026,VH5,KFM_HCM_TDU - S03.05 Vinhomes Grand Park,PT1707064,A,TO246237,1101592,SẦU RIÊNG RI6,KG,9.9,9.7,0.2,0.2,CHUA CO HINH,0,,,Thiếu hình
612,08/23/2026,VH5,KFM_HCM_TDU - S03.05 Vinhomes Grand Park,PT1707064,A,TO246237,1101812,DƯA HẤU GIỐNG MỸ,KG,15.6,15.48,0.12,0.12,CHUA CO HINH,0,,,Thiếu hình
613,08/23/2026,VH6,KFM_HCM_TDU - GH5 Vinhomes Grand Park,PT1707342,A,TO246084,1102035,MẬN ĐÁ ĐƯỜNG,KG,4.0,3.99,0.015,0.015,CHUA CO HINH,0,,,Thiếu hình
614,08/23/2026,VH7,KFM_HCM_TDU - BS11 Vinhomes Grand Park,PT1707195,A,TO246290,1100816,DƯA HẤU RUỘT ĐỎ,KG,31.4,30.81,0.59,0.59,CO HINH (2 anh),2,"https://s3.kingfood.co/double-check/scaled_6ec24bab-3f15-4599-9b27-ef6fcf09e8ac4709500289326164941.jpg
https://s3.kingfood.co/double-check/scaled_2c55627d-5899-4642-80fa-b4ee0280ee632514535817697728171.jpg",,hình kdb
615,08/23/2026,VH7,KFM_HCM_TDU - BS11 Vinhomes Grand Park,PT1707195,A,TO246290,1101003,DƯA HẤU KHÔNG HẠT,KG,10.5,10.46,0.04,0.04,CO HINH (1 anh),1,https://s3.kingfood.co/double-check/scaled_c64974e6-62d1-48e7-8662-27c818e710627344133250864389382.jpg,,hình kdb
616,08/23/2026,VH7,KFM_HCM_TDU - BS11 Vinhomes Grand Park,PT1707195,A,TO246290,1101062,CHUỐI LABA ĐÀ LẠT,KG,10.0,9.98,0.02,0.02,CO HINH (1 anh),1,https://s3.kingfood.co/double-check/scaled_18f96c3c-3616-4e51-b293-857c69f8a31e1174863018117833856.jpg,,hình kdb
617,08/23/2026,VH7,KFM_HCM_TDU - BS11 Vinhomes Grand Park,PT1707195,A,TO246290,1101079,BƠ 034,KG,3.1,3.06,0.04,0.04,CO HINH (1 anh),1,https://s3.kingfood.co/double-check/scaled_6bff1efb-7d85-44ea-8866-ecaa5fc014d96471900477789444924.jpg,,hình kdb
618,08/23/2026,VH7,KFM_HCM_TDU - BS11 Vinhomes Grand Park,PT1707195,A,TO246290,1101366,BÔNG CẢI XANH ĐÀ LẠT  (KG),KG,3.9,3.86,0.04,0.04,CO HINH (1 anh),1,https://s3.kingfood.co/double-check/scaled_1578efa6-b1e7-47fd-ab17-792b66baca3e5202689592023197716.jpg,,hình kdb
619,08/23/2026,VH7,KFM_HCM_TDU - BS11 Vinhomes Grand Park,PT1707195,A,TO246290,1101592,SẦU RIÊNG RI6,KG,10.1,9.92,0.18,0.18,CO HINH (1 anh),1,https://s3.kingfood.co/double-check/scaled_bf69247a-1be2-4b58-8274-e4f73cfca6998062906833597402912.jpg,,hình kdb
620,08/23/2026,VH7,KFM_HCM_TDU - BS11 Vinhomes Grand Park,PT1707195,A,TO246290,1101941,DƯA LƯỚI VỎ VÀNG RUỘT CAM,KG,23.8,23.64,0.16,0.16,CO HINH (2 anh),2,"https://s3.kingfood.co/double-check/scaled_bd5864f3-0d3b-4a31-9fa2-5465d2d022ec4629756194748316168.jpg
https://s3.kingfood.co/double-check/scaled_14f49e05-0287-442f-a551-e02f4c3e34a06594072022244625653.jpg",,hình kdb
621,08/23/2026,VHT,KFM_HCM_BTH - 54 Vũ Huy Tấn,PT1707221,A,TO246232,1100271,XOÀI CÁT CHU VÀNG,KG,3.1,3.06,0.045,0.045,CHUA CO HINH,0,,tn,Thiếu hình
622,08/23/2026,VHT,KFM_HCM_BTH - 54 Vũ Huy Tấn,PT1707221,A,TO246232,1100917,BÍ ĐỎ TRÒN,KG,8.1,8.08,0.025,0.025,CHUA CO HINH,0,,tn,Thiếu hình
623,08/23/2026,VHT,KFM_HCM_BTH - 54 Vũ Huy Tấn,PT1707221,A,TO246232,1101003,DƯA HẤU KHÔNG HẠT,KG,12.1,12.02,0.08,0.08,CHUA CO HINH,0,,tn,Thiếu hình
624,08/23/2026,VHT,KFM_HCM_BTH - 54 Vũ Huy Tấn,PT1707221,A,TO246232,1101116,DỨA  MD2,KG,7.6,7.46,0.14,0.14,CHUA CO HINH,0,,tn,Thiếu hình
625,08/23/2026,VHT,KFM_HCM_BTH - 54 Vũ Huy Tấn,PT1707221,A,TO246232,1101302,CHUỐI GIÀ GIỐNG NAM MỸ,KG,24.0,23.86,0.14,0.14,CHUA CO HINH,0,,tn,Thiếu hình
626,08/23/2026,VHT,KFM_HCM_BTH - 54 Vũ Huy Tấn,PT1707221,A,TO246232,1101366,BÔNG CẢI XANH ĐÀ LẠT  (KG),KG,4.0,3.92,0.08,0.08,CHUA CO HINH,0,,tn,Thiếu hình
627,08/23/2026,VLA,KFM_HCM_TPH - 128 Vườn Lài,PT1707371,A,TO245982,1101003,DƯA HẤU KHÔNG HẠT,KG,10.9,10.78,0.12,0.12,CO HINH (1 anh),1,https://s3.kingfood.co/double-check/scaled_a7adf589-58cc-4ab6-beda-8907c2c1f3426493844511757125658.jpg,TN,hình kdb
628,08/23/2026,VLA,KFM_HCM_TPH - 128 Vườn Lài,PT1707371,A,TO245982,1101062,CHUỐI LABA ĐÀ LẠT,KG,10.2,10.1,0.1,0.1,CO HINH (1 anh),1,https://s3.kingfood.co/double-check/scaled_babacb2f-e706-49e0-9f3f-cc8504aa0f747112467303153732040.jpg,TN,hình kdb
629,08/23/2026,VLA,KFM_HCM_TPH - 128 Vườn Lài,PT1707371,A,TO245982,1101592,SẦU RIÊNG RI6,KG,9.7,9.64,0.06,0.06,CO HINH (1 anh),1,https://s3.kingfood.co/double-check/scaled_fe9eb261-8e0b-4e5f-b4c0-bc78e03375e33335153025888497035.jpg,TN,hình kdb
630,08/23/2026,VLA,KFM_HCM_TPH - 128 Vườn Lài,PT1707371,A,TO245982,1101941,DƯA LƯỚI VỎ VÀNG RUỘT CAM,KG,11.7,11.68,0.02,0.02,CO HINH (1 anh),1,https://s3.kingfood.co/double-check/scaled_d5d3e3cf-4dc9-4ba7-9425-d337aa9dc3455576765922196889824.jpg,TN,hình kdb
631,08/23/2026,VLA,KFM_HCM_TPH - 128 Vườn Lài,PT1707371,A,TO245982,1102035,MẬN ĐÁ ĐƯỜNG,KG,4.0,3.9,0.1,0.1,CO HINH (1 anh),1,https://s3.kingfood.co/double-check/scaled_8f7492fc-1977-4ce3-8ffe-6662e45e2fb38444821857208354575.jpg,TN,hình kdb
632,08/23/2026,VPC,KFM_HCM_TDU - 02 Nguyễn Thị Nhung,PT1707225,A,TO246241,1102035,MẬN ĐÁ ĐƯỜNG,KG,5.0,4.0,1.0,0.0,CHUA CO HINH,0,,tn,Thiếu hình
633,08/23/2026,VTG,KFM_HCM_BTH - 86B Vũ Tùng,PT1707292,A,TO246247,1100816,DƯA HẤU RUỘT ĐỎ,KG,15.0,14.88,0.12,0.12,CO HINH (1 anh),1,https://s3.kingfood.co/double-check/scaled_3b7fdd0d-e208-4680-a45b-8f162854e2721519158311683974912.jpg,tn,hình kdb
634,08/23/2026,WGA,KFM_HCM_BCH - D-2.01A Westgate An Gia,PT1707194,A,TO246164,1100816,DƯA HẤU RUỘT ĐỎ,KG,14.8,14.7,0.1,0.1,CO HINH (1 anh),1,https://s3.kingfood.co/double-check/scaled_61eac15f-3136-41cc-a6f5-adaa5f8533ab7984439057931956971.jpg,tn,hình kdb
635,08/23/2026,WGA,KFM_HCM_BCH - D-2.01A Westgate An Gia,PT1707194,A,TO246164,1101116,DỨA  MD2,KG,8.2,8.14,0.06,0.06,CO HINH (1 anh),1,https://s3.kingfood.co/double-check/scaled_6b06b07d-618b-4609-878d-e1b2d2f6b80e9089352337080347674.jpg,tn,hình kdb
636,08/23/2026,WGA,KFM_HCM_BCH - D-2.01A Westgate An Gia,PT1707194,A,TO246164,1101318,MẬN AN PHƯỚC,KG,4.1,4.04,0.06,0.06,CO HINH (1 anh),1,https://s3.kingfood.co/double-check/scaled_772b9162-9078-432f-9ac8-5d382373c2296042471701964313286.jpg,tn,hình kdb
637,08/23/2026,WGA,KFM_HCM_BCH - D-2.01A Westgate An Gia,PT1707194,A,TO246164,1101592,SẦU RIÊNG RI6,KG,10.3,10.02,0.28,0.28,CO HINH (1 anh),1,https://s3.kingfood.co/double-check/scaled_237f1d57-2715-4273-8ec5-32637e9300861992223790397319628.jpg,tn,hình kdb
